# studio VFX Rank Zero / Poing du Dragon, mesh genere (meshes.py)
v 1.00000 0.00000 0.00000
v 0.99518 0.09802 0.00000
v 0.98079 0.19509 0.00000
v 0.95694 0.29028 0.00000
v 0.92388 0.38268 0.00000
v 0.88192 0.47140 0.00000
v 0.83147 0.55557 0.00000
v 0.77301 0.63439 0.00000
v 0.70711 0.70711 0.00000
v 0.63439 0.77301 0.00000
v 0.55557 0.83147 0.00000
v 0.47140 0.88192 0.00000
v 0.38268 0.92388 0.00000
v 0.29028 0.95694 0.00000
v 0.19509 0.98079 0.00000
v 0.09802 0.99518 0.00000
v 0.00000 1.00000 0.00000
v 0.99144 0.00000 0.13053
v 0.98667 0.09802 0.12990
v 0.97239 0.19509 0.12802
v 0.94875 0.29028 0.12491
v 0.91598 0.38268 0.12059
v 0.87438 0.47140 0.11511
v 0.82436 0.55557 0.10853
v 0.76640 0.63439 0.10090
v 0.70106 0.70711 0.09230
v 0.62897 0.77301 0.08280
v 0.55082 0.83147 0.07252
v 0.46736 0.88192 0.06153
v 0.37941 0.92388 0.04995
v 0.28780 0.95694 0.03789
v 0.19342 0.98079 0.02546
v 0.09718 0.99518 0.01279
v 0.00000 1.00000 0.00000
v 0.96593 0.00000 0.25882
v 0.96127 0.09802 0.25757
v 0.94737 0.19509 0.25385
v 0.92433 0.29028 0.24767
v 0.89240 0.38268 0.23912
v 0.85187 0.47140 0.22826
v 0.80314 0.55557 0.21520
v 0.74667 0.63439 0.20007
v 0.68301 0.70711 0.18301
v 0.61278 0.77301 0.16419
v 0.53664 0.83147 0.14379
v 0.45533 0.88192 0.12201
v 0.36964 0.92388 0.09905
v 0.28039 0.95694 0.07513
v 0.18844 0.98079 0.05049
v 0.09468 0.99518 0.02537
v 0.00000 1.00000 0.00000
v 0.92388 0.00000 0.38268
v 0.91943 0.09802 0.38084
v 0.90613 0.19509 0.37533
v 0.88410 0.29028 0.36621
v 0.85355 0.38268 0.35355
v 0.81479 0.47140 0.33750
v 0.76818 0.55557 0.31819
v 0.71417 0.63439 0.29582
v 0.65328 0.70711 0.27060
v 0.58610 0.77301 0.24277
v 0.51328 0.83147 0.21261
v 0.43551 0.88192 0.18040
v 0.35355 0.92388 0.14645
v 0.26819 0.95694 0.11109
v 0.18024 0.98079 0.07466
v 0.09056 0.99518 0.03751
v 0.00000 1.00000 0.00000
v 0.86603 0.00000 0.50000
v 0.86186 0.09802 0.49759
v 0.84938 0.19509 0.49039
v 0.82873 0.29028 0.47847
v 0.80010 0.38268 0.46194
v 0.76377 0.47140 0.44096
v 0.72007 0.55557 0.41573
v 0.66945 0.63439 0.38651
v 0.61237 0.70711 0.35355
v 0.54940 0.77301 0.31720
v 0.48114 0.83147 0.27779
v 0.40824 0.88192 0.23570
v 0.33141 0.92388 0.19134
v 0.25139 0.95694 0.14514
v 0.16895 0.98079 0.09755
v 0.08489 0.99518 0.04901
v 0.00000 1.00000 0.00000
v 0.79335 0.00000 0.60876
v 0.78953 0.09802 0.60583
v 0.77811 0.19509 0.59706
v 0.75919 0.29028 0.58255
v 0.73296 0.38268 0.56242
v 0.69968 0.47140 0.53688
v 0.65965 0.55557 0.50617
v 0.61327 0.63439 0.47058
v 0.56099 0.70711 0.43046
v 0.50330 0.77301 0.38619
v 0.44076 0.83147 0.33821
v 0.37398 0.88192 0.28697
v 0.30360 0.92388 0.23296
v 0.23030 0.95694 0.17671
v 0.15478 0.98079 0.11876
v 0.07776 0.99518 0.05967
v 0.00000 1.00000 0.00000
v 0.70711 0.00000 0.70711
v 0.70370 0.09802 0.70370
v 0.69352 0.19509 0.69352
v 0.67666 0.29028 0.67666
v 0.65328 0.38268 0.65328
v 0.62361 0.47140 0.62361
v 0.58794 0.55557 0.58794
v 0.54660 0.63439 0.54660
v 0.50000 0.70711 0.50000
v 0.44858 0.77301 0.44858
v 0.39285 0.83147 0.39285
v 0.33333 0.88192 0.33333
v 0.27060 0.92388 0.27060
v 0.20526 0.95694 0.20526
v 0.13795 0.98079 0.13795
v 0.06931 0.99518 0.06931
v 0.00000 1.00000 0.00000
v 0.60876 0.00000 0.79335
v 0.60583 0.09802 0.78953
v 0.59706 0.19509 0.77811
v 0.58255 0.29028 0.75919
v 0.56242 0.38268 0.73296
v 0.53688 0.47140 0.69968
v 0.50617 0.55557 0.65965
v 0.47058 0.63439 0.61327
v 0.43046 0.70711 0.56099
v 0.38619 0.77301 0.50330
v 0.33821 0.83147 0.44076
v 0.28697 0.88192 0.37398
v 0.23296 0.92388 0.30360
v 0.17671 0.95694 0.23030
v 0.11876 0.98079 0.15478
v 0.05967 0.99518 0.07776
v 0.00000 1.00000 0.00000
v 0.50000 0.00000 0.86603
v 0.49759 0.09802 0.86186
v 0.49039 0.19509 0.84938
v 0.47847 0.29028 0.82873
v 0.46194 0.38268 0.80010
v 0.44096 0.47140 0.76377
v 0.41573 0.55557 0.72007
v 0.38651 0.63439 0.66945
v 0.35355 0.70711 0.61237
v 0.31720 0.77301 0.54940
v 0.27779 0.83147 0.48114
v 0.23570 0.88192 0.40824
v 0.19134 0.92388 0.33141
v 0.14514 0.95694 0.25139
v 0.09755 0.98079 0.16895
v 0.04901 0.99518 0.08489
v 0.00000 1.00000 0.00000
v 0.38268 0.00000 0.92388
v 0.38084 0.09802 0.91943
v 0.37533 0.19509 0.90613
v 0.36621 0.29028 0.88410
v 0.35355 0.38268 0.85355
v 0.33750 0.47140 0.81479
v 0.31819 0.55557 0.76818
v 0.29582 0.63439 0.71417
v 0.27060 0.70711 0.65328
v 0.24277 0.77301 0.58610
v 0.21261 0.83147 0.51328
v 0.18040 0.88192 0.43551
v 0.14645 0.92388 0.35355
v 0.11109 0.95694 0.26819
v 0.07466 0.98079 0.18024
v 0.03751 0.99518 0.09056
v 0.00000 1.00000 0.00000
v 0.25882 0.00000 0.96593
v 0.25757 0.09802 0.96127
v 0.25385 0.19509 0.94737
v 0.24767 0.29028 0.92433
v 0.23912 0.38268 0.89240
v 0.22826 0.47140 0.85187
v 0.21520 0.55557 0.80314
v 0.20007 0.63439 0.74667
v 0.18301 0.70711 0.68301
v 0.16419 0.77301 0.61278
v 0.14379 0.83147 0.53664
v 0.12201 0.88192 0.45533
v 0.09905 0.92388 0.36964
v 0.07513 0.95694 0.28039
v 0.05049 0.98079 0.18844
v 0.02537 0.99518 0.09468
v 0.00000 1.00000 0.00000
v 0.13053 0.00000 0.99144
v 0.12990 0.09802 0.98667
v 0.12802 0.19509 0.97239
v 0.12491 0.29028 0.94875
v 0.12059 0.38268 0.91598
v 0.11511 0.47140 0.87438
v 0.10853 0.55557 0.82436
v 0.10090 0.63439 0.76640
v 0.09230 0.70711 0.70106
v 0.08280 0.77301 0.62897
v 0.07252 0.83147 0.55082
v 0.06153 0.88192 0.46736
v 0.04995 0.92388 0.37941
v 0.03789 0.95694 0.28780
v 0.02546 0.98079 0.19342
v 0.01279 0.99518 0.09718
v 0.00000 1.00000 0.00000
v 0.00000 0.00000 1.00000
v 0.00000 0.09802 0.99518
v 0.00000 0.19509 0.98079
v 0.00000 0.29028 0.95694
v 0.00000 0.38268 0.92388
v 0.00000 0.47140 0.88192
v 0.00000 0.55557 0.83147
v 0.00000 0.63439 0.77301
v 0.00000 0.70711 0.70711
v 0.00000 0.77301 0.63439
v 0.00000 0.83147 0.55557
v 0.00000 0.88192 0.47140
v 0.00000 0.92388 0.38268
v 0.00000 0.95694 0.29028
v 0.00000 0.98079 0.19509
v 0.00000 0.99518 0.09802
v 0.00000 1.00000 0.00000
v -0.13053 0.00000 0.99144
v -0.12990 0.09802 0.98667
v -0.12802 0.19509 0.97239
v -0.12491 0.29028 0.94875
v -0.12059 0.38268 0.91598
v -0.11511 0.47140 0.87438
v -0.10853 0.55557 0.82436
v -0.10090 0.63439 0.76640
v -0.09230 0.70711 0.70106
v -0.08280 0.77301 0.62897
v -0.07252 0.83147 0.55082
v -0.06153 0.88192 0.46736
v -0.04995 0.92388 0.37941
v -0.03789 0.95694 0.28780
v -0.02546 0.98079 0.19342
v -0.01279 0.99518 0.09718
v -0.00000 1.00000 0.00000
v -0.25882 0.00000 0.96593
v -0.25757 0.09802 0.96127
v -0.25385 0.19509 0.94737
v -0.24767 0.29028 0.92433
v -0.23912 0.38268 0.89240
v -0.22826 0.47140 0.85187
v -0.21520 0.55557 0.80314
v -0.20007 0.63439 0.74667
v -0.18301 0.70711 0.68301
v -0.16419 0.77301 0.61278
v -0.14379 0.83147 0.53664
v -0.12201 0.88192 0.45533
v -0.09905 0.92388 0.36964
v -0.07513 0.95694 0.28039
v -0.05049 0.98079 0.18844
v -0.02537 0.99518 0.09468
v -0.00000 1.00000 0.00000
v -0.38268 0.00000 0.92388
v -0.38084 0.09802 0.91943
v -0.37533 0.19509 0.90613
v -0.36621 0.29028 0.88410
v -0.35355 0.38268 0.85355
v -0.33750 0.47140 0.81479
v -0.31819 0.55557 0.76818
v -0.29582 0.63439 0.71417
v -0.27060 0.70711 0.65328
v -0.24277 0.77301 0.58610
v -0.21261 0.83147 0.51328
v -0.18040 0.88192 0.43551
v -0.14645 0.92388 0.35355
v -0.11109 0.95694 0.26819
v -0.07466 0.98079 0.18024
v -0.03751 0.99518 0.09056
v -0.00000 1.00000 0.00000
v -0.50000 0.00000 0.86603
v -0.49759 0.09802 0.86186
v -0.49039 0.19509 0.84938
v -0.47847 0.29028 0.82873
v -0.46194 0.38268 0.80010
v -0.44096 0.47140 0.76377
v -0.41573 0.55557 0.72007
v -0.38651 0.63439 0.66945
v -0.35355 0.70711 0.61237
v -0.31720 0.77301 0.54940
v -0.27779 0.83147 0.48114
v -0.23570 0.88192 0.40824
v -0.19134 0.92388 0.33141
v -0.14514 0.95694 0.25139
v -0.09755 0.98079 0.16895
v -0.04901 0.99518 0.08489
v -0.00000 1.00000 0.00000
v -0.60876 0.00000 0.79335
v -0.60583 0.09802 0.78953
v -0.59706 0.19509 0.77811
v -0.58255 0.29028 0.75919
v -0.56242 0.38268 0.73296
v -0.53688 0.47140 0.69968
v -0.50617 0.55557 0.65965
v -0.47058 0.63439 0.61327
v -0.43046 0.70711 0.56099
v -0.38619 0.77301 0.50330
v -0.33821 0.83147 0.44076
v -0.28697 0.88192 0.37398
v -0.23296 0.92388 0.30360
v -0.17671 0.95694 0.23030
v -0.11876 0.98079 0.15478
v -0.05967 0.99518 0.07776
v -0.00000 1.00000 0.00000
v -0.70711 0.00000 0.70711
v -0.70370 0.09802 0.70370
v -0.69352 0.19509 0.69352
v -0.67666 0.29028 0.67666
v -0.65328 0.38268 0.65328
v -0.62361 0.47140 0.62361
v -0.58794 0.55557 0.58794
v -0.54660 0.63439 0.54660
v -0.50000 0.70711 0.50000
v -0.44858 0.77301 0.44858
v -0.39285 0.83147 0.39285
v -0.33333 0.88192 0.33333
v -0.27060 0.92388 0.27060
v -0.20526 0.95694 0.20526
v -0.13795 0.98079 0.13795
v -0.06931 0.99518 0.06931
v -0.00000 1.00000 0.00000
v -0.79335 0.00000 0.60876
v -0.78953 0.09802 0.60583
v -0.77811 0.19509 0.59706
v -0.75919 0.29028 0.58255
v -0.73296 0.38268 0.56242
v -0.69968 0.47140 0.53688
v -0.65965 0.55557 0.50617
v -0.61327 0.63439 0.47058
v -0.56099 0.70711 0.43046
v -0.50330 0.77301 0.38619
v -0.44076 0.83147 0.33821
v -0.37398 0.88192 0.28697
v -0.30360 0.92388 0.23296
v -0.23030 0.95694 0.17671
v -0.15478 0.98079 0.11876
v -0.07776 0.99518 0.05967
v -0.00000 1.00000 0.00000
v -0.86603 0.00000 0.50000
v -0.86186 0.09802 0.49759
v -0.84938 0.19509 0.49039
v -0.82873 0.29028 0.47847
v -0.80010 0.38268 0.46194
v -0.76377 0.47140 0.44096
v -0.72007 0.55557 0.41573
v -0.66945 0.63439 0.38651
v -0.61237 0.70711 0.35355
v -0.54940 0.77301 0.31720
v -0.48114 0.83147 0.27779
v -0.40824 0.88192 0.23570
v -0.33141 0.92388 0.19134
v -0.25139 0.95694 0.14514
v -0.16895 0.98079 0.09755
v -0.08489 0.99518 0.04901
v -0.00000 1.00000 0.00000
v -0.92388 0.00000 0.38268
v -0.91943 0.09802 0.38084
v -0.90613 0.19509 0.37533
v -0.88410 0.29028 0.36621
v -0.85355 0.38268 0.35355
v -0.81479 0.47140 0.33750
v -0.76818 0.55557 0.31819
v -0.71417 0.63439 0.29582
v -0.65328 0.70711 0.27060
v -0.58610 0.77301 0.24277
v -0.51328 0.83147 0.21261
v -0.43551 0.88192 0.18040
v -0.35355 0.92388 0.14645
v -0.26819 0.95694 0.11109
v -0.18024 0.98079 0.07466
v -0.09056 0.99518 0.03751
v -0.00000 1.00000 0.00000
v -0.96593 0.00000 0.25882
v -0.96127 0.09802 0.25757
v -0.94737 0.19509 0.25385
v -0.92433 0.29028 0.24767
v -0.89240 0.38268 0.23912
v -0.85187 0.47140 0.22826
v -0.80314 0.55557 0.21520
v -0.74667 0.63439 0.20007
v -0.68301 0.70711 0.18301
v -0.61278 0.77301 0.16419
v -0.53664 0.83147 0.14379
v -0.45533 0.88192 0.12201
v -0.36964 0.92388 0.09905
v -0.28039 0.95694 0.07513
v -0.18844 0.98079 0.05049
v -0.09468 0.99518 0.02537
v -0.00000 1.00000 0.00000
v -0.99144 0.00000 0.13053
v -0.98667 0.09802 0.12990
v -0.97239 0.19509 0.12802
v -0.94875 0.29028 0.12491
v -0.91598 0.38268 0.12059
v -0.87438 0.47140 0.11511
v -0.82436 0.55557 0.10853
v -0.76640 0.63439 0.10090
v -0.70106 0.70711 0.09230
v -0.62897 0.77301 0.08280
v -0.55082 0.83147 0.07252
v -0.46736 0.88192 0.06153
v -0.37941 0.92388 0.04995
v -0.28780 0.95694 0.03789
v -0.19342 0.98079 0.02546
v -0.09718 0.99518 0.01279
v -0.00000 1.00000 0.00000
v -1.00000 0.00000 0.00000
v -0.99518 0.09802 0.00000
v -0.98079 0.19509 0.00000
v -0.95694 0.29028 0.00000
v -0.92388 0.38268 0.00000
v -0.88192 0.47140 0.00000
v -0.83147 0.55557 0.00000
v -0.77301 0.63439 0.00000
v -0.70711 0.70711 0.00000
v -0.63439 0.77301 0.00000
v -0.55557 0.83147 0.00000
v -0.47140 0.88192 0.00000
v -0.38268 0.92388 0.00000
v -0.29028 0.95694 0.00000
v -0.19509 0.98079 0.00000
v -0.09802 0.99518 0.00000
v -0.00000 1.00000 0.00000
v -0.99144 0.00000 -0.13053
v -0.98667 0.09802 -0.12990
v -0.97239 0.19509 -0.12802
v -0.94875 0.29028 -0.12491
v -0.91598 0.38268 -0.12059
v -0.87438 0.47140 -0.11511
v -0.82436 0.55557 -0.10853
v -0.76640 0.63439 -0.10090
v -0.70106 0.70711 -0.09230
v -0.62897 0.77301 -0.08280
v -0.55082 0.83147 -0.07252
v -0.46736 0.88192 -0.06153
v -0.37941 0.92388 -0.04995
v -0.28780 0.95694 -0.03789
v -0.19342 0.98079 -0.02546
v -0.09718 0.99518 -0.01279
v -0.00000 1.00000 -0.00000
v -0.96593 0.00000 -0.25882
v -0.96127 0.09802 -0.25757
v -0.94737 0.19509 -0.25385
v -0.92433 0.29028 -0.24767
v -0.89240 0.38268 -0.23912
v -0.85187 0.47140 -0.22826
v -0.80314 0.55557 -0.21520
v -0.74667 0.63439 -0.20007
v -0.68301 0.70711 -0.18301
v -0.61278 0.77301 -0.16419
v -0.53664 0.83147 -0.14379
v -0.45533 0.88192 -0.12201
v -0.36964 0.92388 -0.09905
v -0.28039 0.95694 -0.07513
v -0.18844 0.98079 -0.05049
v -0.09468 0.99518 -0.02537
v -0.00000 1.00000 -0.00000
v -0.92388 0.00000 -0.38268
v -0.91943 0.09802 -0.38084
v -0.90613 0.19509 -0.37533
v -0.88410 0.29028 -0.36621
v -0.85355 0.38268 -0.35355
v -0.81479 0.47140 -0.33750
v -0.76818 0.55557 -0.31819
v -0.71417 0.63439 -0.29582
v -0.65328 0.70711 -0.27060
v -0.58610 0.77301 -0.24277
v -0.51328 0.83147 -0.21261
v -0.43551 0.88192 -0.18040
v -0.35355 0.92388 -0.14645
v -0.26819 0.95694 -0.11109
v -0.18024 0.98079 -0.07466
v -0.09056 0.99518 -0.03751
v -0.00000 1.00000 -0.00000
v -0.86603 0.00000 -0.50000
v -0.86186 0.09802 -0.49759
v -0.84938 0.19509 -0.49039
v -0.82873 0.29028 -0.47847
v -0.80010 0.38268 -0.46194
v -0.76377 0.47140 -0.44096
v -0.72007 0.55557 -0.41573
v -0.66945 0.63439 -0.38651
v -0.61237 0.70711 -0.35355
v -0.54940 0.77301 -0.31720
v -0.48114 0.83147 -0.27779
v -0.40824 0.88192 -0.23570
v -0.33141 0.92388 -0.19134
v -0.25139 0.95694 -0.14514
v -0.16895 0.98079 -0.09755
v -0.08489 0.99518 -0.04901
v -0.00000 1.00000 -0.00000
v -0.79335 0.00000 -0.60876
v -0.78953 0.09802 -0.60583
v -0.77811 0.19509 -0.59706
v -0.75919 0.29028 -0.58255
v -0.73296 0.38268 -0.56242
v -0.69968 0.47140 -0.53688
v -0.65965 0.55557 -0.50617
v -0.61327 0.63439 -0.47058
v -0.56099 0.70711 -0.43046
v -0.50330 0.77301 -0.38619
v -0.44076 0.83147 -0.33821
v -0.37398 0.88192 -0.28697
v -0.30360 0.92388 -0.23296
v -0.23030 0.95694 -0.17671
v -0.15478 0.98079 -0.11876
v -0.07776 0.99518 -0.05967
v -0.00000 1.00000 -0.00000
v -0.70711 0.00000 -0.70711
v -0.70370 0.09802 -0.70370
v -0.69352 0.19509 -0.69352
v -0.67666 0.29028 -0.67666
v -0.65328 0.38268 -0.65328
v -0.62361 0.47140 -0.62361
v -0.58794 0.55557 -0.58794
v -0.54660 0.63439 -0.54660
v -0.50000 0.70711 -0.50000
v -0.44858 0.77301 -0.44858
v -0.39285 0.83147 -0.39285
v -0.33333 0.88192 -0.33333
v -0.27060 0.92388 -0.27060
v -0.20526 0.95694 -0.20526
v -0.13795 0.98079 -0.13795
v -0.06931 0.99518 -0.06931
v -0.00000 1.00000 -0.00000
v -0.60876 0.00000 -0.79335
v -0.60583 0.09802 -0.78953
v -0.59706 0.19509 -0.77811
v -0.58255 0.29028 -0.75919
v -0.56242 0.38268 -0.73296
v -0.53688 0.47140 -0.69968
v -0.50617 0.55557 -0.65965
v -0.47058 0.63439 -0.61327
v -0.43046 0.70711 -0.56099
v -0.38619 0.77301 -0.50330
v -0.33821 0.83147 -0.44076
v -0.28697 0.88192 -0.37398
v -0.23296 0.92388 -0.30360
v -0.17671 0.95694 -0.23030
v -0.11876 0.98079 -0.15478
v -0.05967 0.99518 -0.07776
v -0.00000 1.00000 -0.00000
v -0.50000 0.00000 -0.86603
v -0.49759 0.09802 -0.86186
v -0.49039 0.19509 -0.84938
v -0.47847 0.29028 -0.82873
v -0.46194 0.38268 -0.80010
v -0.44096 0.47140 -0.76377
v -0.41573 0.55557 -0.72007
v -0.38651 0.63439 -0.66945
v -0.35355 0.70711 -0.61237
v -0.31720 0.77301 -0.54940
v -0.27779 0.83147 -0.48114
v -0.23570 0.88192 -0.40824
v -0.19134 0.92388 -0.33141
v -0.14514 0.95694 -0.25139
v -0.09755 0.98079 -0.16895
v -0.04901 0.99518 -0.08489
v -0.00000 1.00000 -0.00000
v -0.38268 0.00000 -0.92388
v -0.38084 0.09802 -0.91943
v -0.37533 0.19509 -0.90613
v -0.36621 0.29028 -0.88410
v -0.35355 0.38268 -0.85355
v -0.33750 0.47140 -0.81479
v -0.31819 0.55557 -0.76818
v -0.29582 0.63439 -0.71417
v -0.27060 0.70711 -0.65328
v -0.24277 0.77301 -0.58610
v -0.21261 0.83147 -0.51328
v -0.18040 0.88192 -0.43551
v -0.14645 0.92388 -0.35355
v -0.11109 0.95694 -0.26819
v -0.07466 0.98079 -0.18024
v -0.03751 0.99518 -0.09056
v -0.00000 1.00000 -0.00000
v -0.25882 0.00000 -0.96593
v -0.25757 0.09802 -0.96127
v -0.25385 0.19509 -0.94737
v -0.24767 0.29028 -0.92433
v -0.23912 0.38268 -0.89240
v -0.22826 0.47140 -0.85187
v -0.21520 0.55557 -0.80314
v -0.20007 0.63439 -0.74667
v -0.18301 0.70711 -0.68301
v -0.16419 0.77301 -0.61278
v -0.14379 0.83147 -0.53664
v -0.12201 0.88192 -0.45533
v -0.09905 0.92388 -0.36964
v -0.07513 0.95694 -0.28039
v -0.05049 0.98079 -0.18844
v -0.02537 0.99518 -0.09468
v -0.00000 1.00000 -0.00000
v -0.13053 0.00000 -0.99144
v -0.12990 0.09802 -0.98667
v -0.12802 0.19509 -0.97239
v -0.12491 0.29028 -0.94875
v -0.12059 0.38268 -0.91598
v -0.11511 0.47140 -0.87438
v -0.10853 0.55557 -0.82436
v -0.10090 0.63439 -0.76640
v -0.09230 0.70711 -0.70106
v -0.08280 0.77301 -0.62897
v -0.07252 0.83147 -0.55082
v -0.06153 0.88192 -0.46736
v -0.04995 0.92388 -0.37941
v -0.03789 0.95694 -0.28780
v -0.02546 0.98079 -0.19342
v -0.01279 0.99518 -0.09718
v -0.00000 1.00000 -0.00000
v -0.00000 0.00000 -1.00000
v -0.00000 0.09802 -0.99518
v -0.00000 0.19509 -0.98079
v -0.00000 0.29028 -0.95694
v -0.00000 0.38268 -0.92388
v -0.00000 0.47140 -0.88192
v -0.00000 0.55557 -0.83147
v -0.00000 0.63439 -0.77301
v -0.00000 0.70711 -0.70711
v -0.00000 0.77301 -0.63439
v -0.00000 0.83147 -0.55557
v -0.00000 0.88192 -0.47140
v -0.00000 0.92388 -0.38268
v -0.00000 0.95694 -0.29028
v -0.00000 0.98079 -0.19509
v -0.00000 0.99518 -0.09802
v -0.00000 1.00000 -0.00000
v 0.13053 0.00000 -0.99144
v 0.12990 0.09802 -0.98667
v 0.12802 0.19509 -0.97239
v 0.12491 0.29028 -0.94875
v 0.12059 0.38268 -0.91598
v 0.11511 0.47140 -0.87438
v 0.10853 0.55557 -0.82436
v 0.10090 0.63439 -0.76640
v 0.09230 0.70711 -0.70106
v 0.08280 0.77301 -0.62897
v 0.07252 0.83147 -0.55082
v 0.06153 0.88192 -0.46736
v 0.04995 0.92388 -0.37941
v 0.03789 0.95694 -0.28780
v 0.02546 0.98079 -0.19342
v 0.01279 0.99518 -0.09718
v 0.00000 1.00000 -0.00000
v 0.25882 0.00000 -0.96593
v 0.25757 0.09802 -0.96127
v 0.25385 0.19509 -0.94737
v 0.24767 0.29028 -0.92433
v 0.23912 0.38268 -0.89240
v 0.22826 0.47140 -0.85187
v 0.21520 0.55557 -0.80314
v 0.20007 0.63439 -0.74667
v 0.18301 0.70711 -0.68301
v 0.16419 0.77301 -0.61278
v 0.14379 0.83147 -0.53664
v 0.12201 0.88192 -0.45533
v 0.09905 0.92388 -0.36964
v 0.07513 0.95694 -0.28039
v 0.05049 0.98079 -0.18844
v 0.02537 0.99518 -0.09468
v 0.00000 1.00000 -0.00000
v 0.38268 0.00000 -0.92388
v 0.38084 0.09802 -0.91943
v 0.37533 0.19509 -0.90613
v 0.36621 0.29028 -0.88410
v 0.35355 0.38268 -0.85355
v 0.33750 0.47140 -0.81479
v 0.31819 0.55557 -0.76818
v 0.29582 0.63439 -0.71417
v 0.27060 0.70711 -0.65328
v 0.24277 0.77301 -0.58610
v 0.21261 0.83147 -0.51328
v 0.18040 0.88192 -0.43551
v 0.14645 0.92388 -0.35355
v 0.11109 0.95694 -0.26819
v 0.07466 0.98079 -0.18024
v 0.03751 0.99518 -0.09056
v 0.00000 1.00000 -0.00000
v 0.50000 0.00000 -0.86603
v 0.49759 0.09802 -0.86186
v 0.49039 0.19509 -0.84938
v 0.47847 0.29028 -0.82873
v 0.46194 0.38268 -0.80010
v 0.44096 0.47140 -0.76377
v 0.41573 0.55557 -0.72007
v 0.38651 0.63439 -0.66945
v 0.35355 0.70711 -0.61237
v 0.31720 0.77301 -0.54940
v 0.27779 0.83147 -0.48114
v 0.23570 0.88192 -0.40824
v 0.19134 0.92388 -0.33141
v 0.14514 0.95694 -0.25139
v 0.09755 0.98079 -0.16895
v 0.04901 0.99518 -0.08489
v 0.00000 1.00000 -0.00000
v 0.60876 0.00000 -0.79335
v 0.60583 0.09802 -0.78953
v 0.59706 0.19509 -0.77811
v 0.58255 0.29028 -0.75919
v 0.56242 0.38268 -0.73296
v 0.53688 0.47140 -0.69968
v 0.50617 0.55557 -0.65965
v 0.47058 0.63439 -0.61327
v 0.43046 0.70711 -0.56099
v 0.38619 0.77301 -0.50330
v 0.33821 0.83147 -0.44076
v 0.28697 0.88192 -0.37398
v 0.23296 0.92388 -0.30360
v 0.17671 0.95694 -0.23030
v 0.11876 0.98079 -0.15478
v 0.05967 0.99518 -0.07776
v 0.00000 1.00000 -0.00000
v 0.70711 0.00000 -0.70711
v 0.70370 0.09802 -0.70370
v 0.69352 0.19509 -0.69352
v 0.67666 0.29028 -0.67666
v 0.65328 0.38268 -0.65328
v 0.62361 0.47140 -0.62361
v 0.58794 0.55557 -0.58794
v 0.54660 0.63439 -0.54660
v 0.50000 0.70711 -0.50000
v 0.44858 0.77301 -0.44858
v 0.39285 0.83147 -0.39285
v 0.33333 0.88192 -0.33333
v 0.27060 0.92388 -0.27060
v 0.20526 0.95694 -0.20526
v 0.13795 0.98079 -0.13795
v 0.06931 0.99518 -0.06931
v 0.00000 1.00000 -0.00000
v 0.79335 0.00000 -0.60876
v 0.78953 0.09802 -0.60583
v 0.77811 0.19509 -0.59706
v 0.75919 0.29028 -0.58255
v 0.73296 0.38268 -0.56242
v 0.69968 0.47140 -0.53688
v 0.65965 0.55557 -0.50617
v 0.61327 0.63439 -0.47058
v 0.56099 0.70711 -0.43046
v 0.50330 0.77301 -0.38619
v 0.44076 0.83147 -0.33821
v 0.37398 0.88192 -0.28697
v 0.30360 0.92388 -0.23296
v 0.23030 0.95694 -0.17671
v 0.15478 0.98079 -0.11876
v 0.07776 0.99518 -0.05967
v 0.00000 1.00000 -0.00000
v 0.86603 0.00000 -0.50000
v 0.86186 0.09802 -0.49759
v 0.84938 0.19509 -0.49039
v 0.82873 0.29028 -0.47847
v 0.80010 0.38268 -0.46194
v 0.76377 0.47140 -0.44096
v 0.72007 0.55557 -0.41573
v 0.66945 0.63439 -0.38651
v 0.61237 0.70711 -0.35355
v 0.54940 0.77301 -0.31720
v 0.48114 0.83147 -0.27779
v 0.40824 0.88192 -0.23570
v 0.33141 0.92388 -0.19134
v 0.25139 0.95694 -0.14514
v 0.16895 0.98079 -0.09755
v 0.08489 0.99518 -0.04901
v 0.00000 1.00000 -0.00000
v 0.92388 0.00000 -0.38268
v 0.91943 0.09802 -0.38084
v 0.90613 0.19509 -0.37533
v 0.88410 0.29028 -0.36621
v 0.85355 0.38268 -0.35355
v 0.81479 0.47140 -0.33750
v 0.76818 0.55557 -0.31819
v 0.71417 0.63439 -0.29582
v 0.65328 0.70711 -0.27060
v 0.58610 0.77301 -0.24277
v 0.51328 0.83147 -0.21261
v 0.43551 0.88192 -0.18040
v 0.35355 0.92388 -0.14645
v 0.26819 0.95694 -0.11109
v 0.18024 0.98079 -0.07466
v 0.09056 0.99518 -0.03751
v 0.00000 1.00000 -0.00000
v 0.96593 0.00000 -0.25882
v 0.96127 0.09802 -0.25757
v 0.94737 0.19509 -0.25385
v 0.92433 0.29028 -0.24767
v 0.89240 0.38268 -0.23912
v 0.85187 0.47140 -0.22826
v 0.80314 0.55557 -0.21520
v 0.74667 0.63439 -0.20007
v 0.68301 0.70711 -0.18301
v 0.61278 0.77301 -0.16419
v 0.53664 0.83147 -0.14379
v 0.45533 0.88192 -0.12201
v 0.36964 0.92388 -0.09905
v 0.28039 0.95694 -0.07513
v 0.18844 0.98079 -0.05049
v 0.09468 0.99518 -0.02537
v 0.00000 1.00000 -0.00000
v 0.99144 0.00000 -0.13053
v 0.98667 0.09802 -0.12990
v 0.97239 0.19509 -0.12802
v 0.94875 0.29028 -0.12491
v 0.91598 0.38268 -0.12059
v 0.87438 0.47140 -0.11511
v 0.82436 0.55557 -0.10853
v 0.76640 0.63439 -0.10090
v 0.70106 0.70711 -0.09230
v 0.62897 0.77301 -0.08280
v 0.55082 0.83147 -0.07252
v 0.46736 0.88192 -0.06153
v 0.37941 0.92388 -0.04995
v 0.28780 0.95694 -0.03789
v 0.19342 0.98079 -0.02546
v 0.09718 0.99518 -0.01279
v 0.00000 1.00000 -0.00000
v 1.00000 0.00000 -0.00000
v 0.99518 0.09802 -0.00000
v 0.98079 0.19509 -0.00000
v 0.95694 0.29028 -0.00000
v 0.92388 0.38268 -0.00000
v 0.88192 0.47140 -0.00000
v 0.83147 0.55557 -0.00000
v 0.77301 0.63439 -0.00000
v 0.70711 0.70711 -0.00000
v 0.63439 0.77301 -0.00000
v 0.55557 0.83147 -0.00000
v 0.47140 0.88192 -0.00000
v 0.38268 0.92388 -0.00000
v 0.29028 0.95694 -0.00000
v 0.19509 0.98079 -0.00000
v 0.09802 0.99518 -0.00000
v 0.00000 1.00000 -0.00000
vt 0.00000 0.00000
vt 0.00000 0.06250
vt 0.00000 0.12500
vt 0.00000 0.18750
vt 0.00000 0.25000
vt 0.00000 0.31250
vt 0.00000 0.37500
vt 0.00000 0.43750
vt 0.00000 0.50000
vt 0.00000 0.56250
vt 0.00000 0.62500
vt 0.00000 0.68750
vt 0.00000 0.75000
vt 0.00000 0.81250
vt 0.00000 0.87500
vt 0.00000 0.93750
vt 0.00000 1.00000
vt 0.02083 0.00000
vt 0.02083 0.06250
vt 0.02083 0.12500
vt 0.02083 0.18750
vt 0.02083 0.25000
vt 0.02083 0.31250
vt 0.02083 0.37500
vt 0.02083 0.43750
vt 0.02083 0.50000
vt 0.02083 0.56250
vt 0.02083 0.62500
vt 0.02083 0.68750
vt 0.02083 0.75000
vt 0.02083 0.81250
vt 0.02083 0.87500
vt 0.02083 0.93750
vt 0.02083 1.00000
vt 0.04167 0.00000
vt 0.04167 0.06250
vt 0.04167 0.12500
vt 0.04167 0.18750
vt 0.04167 0.25000
vt 0.04167 0.31250
vt 0.04167 0.37500
vt 0.04167 0.43750
vt 0.04167 0.50000
vt 0.04167 0.56250
vt 0.04167 0.62500
vt 0.04167 0.68750
vt 0.04167 0.75000
vt 0.04167 0.81250
vt 0.04167 0.87500
vt 0.04167 0.93750
vt 0.04167 1.00000
vt 0.06250 0.00000
vt 0.06250 0.06250
vt 0.06250 0.12500
vt 0.06250 0.18750
vt 0.06250 0.25000
vt 0.06250 0.31250
vt 0.06250 0.37500
vt 0.06250 0.43750
vt 0.06250 0.50000
vt 0.06250 0.56250
vt 0.06250 0.62500
vt 0.06250 0.68750
vt 0.06250 0.75000
vt 0.06250 0.81250
vt 0.06250 0.87500
vt 0.06250 0.93750
vt 0.06250 1.00000
vt 0.08333 0.00000
vt 0.08333 0.06250
vt 0.08333 0.12500
vt 0.08333 0.18750
vt 0.08333 0.25000
vt 0.08333 0.31250
vt 0.08333 0.37500
vt 0.08333 0.43750
vt 0.08333 0.50000
vt 0.08333 0.56250
vt 0.08333 0.62500
vt 0.08333 0.68750
vt 0.08333 0.75000
vt 0.08333 0.81250
vt 0.08333 0.87500
vt 0.08333 0.93750
vt 0.08333 1.00000
vt 0.10417 0.00000
vt 0.10417 0.06250
vt 0.10417 0.12500
vt 0.10417 0.18750
vt 0.10417 0.25000
vt 0.10417 0.31250
vt 0.10417 0.37500
vt 0.10417 0.43750
vt 0.10417 0.50000
vt 0.10417 0.56250
vt 0.10417 0.62500
vt 0.10417 0.68750
vt 0.10417 0.75000
vt 0.10417 0.81250
vt 0.10417 0.87500
vt 0.10417 0.93750
vt 0.10417 1.00000
vt 0.12500 0.00000
vt 0.12500 0.06250
vt 0.12500 0.12500
vt 0.12500 0.18750
vt 0.12500 0.25000
vt 0.12500 0.31250
vt 0.12500 0.37500
vt 0.12500 0.43750
vt 0.12500 0.50000
vt 0.12500 0.56250
vt 0.12500 0.62500
vt 0.12500 0.68750
vt 0.12500 0.75000
vt 0.12500 0.81250
vt 0.12500 0.87500
vt 0.12500 0.93750
vt 0.12500 1.00000
vt 0.14583 0.00000
vt 0.14583 0.06250
vt 0.14583 0.12500
vt 0.14583 0.18750
vt 0.14583 0.25000
vt 0.14583 0.31250
vt 0.14583 0.37500
vt 0.14583 0.43750
vt 0.14583 0.50000
vt 0.14583 0.56250
vt 0.14583 0.62500
vt 0.14583 0.68750
vt 0.14583 0.75000
vt 0.14583 0.81250
vt 0.14583 0.87500
vt 0.14583 0.93750
vt 0.14583 1.00000
vt 0.16667 0.00000
vt 0.16667 0.06250
vt 0.16667 0.12500
vt 0.16667 0.18750
vt 0.16667 0.25000
vt 0.16667 0.31250
vt 0.16667 0.37500
vt 0.16667 0.43750
vt 0.16667 0.50000
vt 0.16667 0.56250
vt 0.16667 0.62500
vt 0.16667 0.68750
vt 0.16667 0.75000
vt 0.16667 0.81250
vt 0.16667 0.87500
vt 0.16667 0.93750
vt 0.16667 1.00000
vt 0.18750 0.00000
vt 0.18750 0.06250
vt 0.18750 0.12500
vt 0.18750 0.18750
vt 0.18750 0.25000
vt 0.18750 0.31250
vt 0.18750 0.37500
vt 0.18750 0.43750
vt 0.18750 0.50000
vt 0.18750 0.56250
vt 0.18750 0.62500
vt 0.18750 0.68750
vt 0.18750 0.75000
vt 0.18750 0.81250
vt 0.18750 0.87500
vt 0.18750 0.93750
vt 0.18750 1.00000
vt 0.20833 0.00000
vt 0.20833 0.06250
vt 0.20833 0.12500
vt 0.20833 0.18750
vt 0.20833 0.25000
vt 0.20833 0.31250
vt 0.20833 0.37500
vt 0.20833 0.43750
vt 0.20833 0.50000
vt 0.20833 0.56250
vt 0.20833 0.62500
vt 0.20833 0.68750
vt 0.20833 0.75000
vt 0.20833 0.81250
vt 0.20833 0.87500
vt 0.20833 0.93750
vt 0.20833 1.00000
vt 0.22917 0.00000
vt 0.22917 0.06250
vt 0.22917 0.12500
vt 0.22917 0.18750
vt 0.22917 0.25000
vt 0.22917 0.31250
vt 0.22917 0.37500
vt 0.22917 0.43750
vt 0.22917 0.50000
vt 0.22917 0.56250
vt 0.22917 0.62500
vt 0.22917 0.68750
vt 0.22917 0.75000
vt 0.22917 0.81250
vt 0.22917 0.87500
vt 0.22917 0.93750
vt 0.22917 1.00000
vt 0.25000 0.00000
vt 0.25000 0.06250
vt 0.25000 0.12500
vt 0.25000 0.18750
vt 0.25000 0.25000
vt 0.25000 0.31250
vt 0.25000 0.37500
vt 0.25000 0.43750
vt 0.25000 0.50000
vt 0.25000 0.56250
vt 0.25000 0.62500
vt 0.25000 0.68750
vt 0.25000 0.75000
vt 0.25000 0.81250
vt 0.25000 0.87500
vt 0.25000 0.93750
vt 0.25000 1.00000
vt 0.27083 0.00000
vt 0.27083 0.06250
vt 0.27083 0.12500
vt 0.27083 0.18750
vt 0.27083 0.25000
vt 0.27083 0.31250
vt 0.27083 0.37500
vt 0.27083 0.43750
vt 0.27083 0.50000
vt 0.27083 0.56250
vt 0.27083 0.62500
vt 0.27083 0.68750
vt 0.27083 0.75000
vt 0.27083 0.81250
vt 0.27083 0.87500
vt 0.27083 0.93750
vt 0.27083 1.00000
vt 0.29167 0.00000
vt 0.29167 0.06250
vt 0.29167 0.12500
vt 0.29167 0.18750
vt 0.29167 0.25000
vt 0.29167 0.31250
vt 0.29167 0.37500
vt 0.29167 0.43750
vt 0.29167 0.50000
vt 0.29167 0.56250
vt 0.29167 0.62500
vt 0.29167 0.68750
vt 0.29167 0.75000
vt 0.29167 0.81250
vt 0.29167 0.87500
vt 0.29167 0.93750
vt 0.29167 1.00000
vt 0.31250 0.00000
vt 0.31250 0.06250
vt 0.31250 0.12500
vt 0.31250 0.18750
vt 0.31250 0.25000
vt 0.31250 0.31250
vt 0.31250 0.37500
vt 0.31250 0.43750
vt 0.31250 0.50000
vt 0.31250 0.56250
vt 0.31250 0.62500
vt 0.31250 0.68750
vt 0.31250 0.75000
vt 0.31250 0.81250
vt 0.31250 0.87500
vt 0.31250 0.93750
vt 0.31250 1.00000
vt 0.33333 0.00000
vt 0.33333 0.06250
vt 0.33333 0.12500
vt 0.33333 0.18750
vt 0.33333 0.25000
vt 0.33333 0.31250
vt 0.33333 0.37500
vt 0.33333 0.43750
vt 0.33333 0.50000
vt 0.33333 0.56250
vt 0.33333 0.62500
vt 0.33333 0.68750
vt 0.33333 0.75000
vt 0.33333 0.81250
vt 0.33333 0.87500
vt 0.33333 0.93750
vt 0.33333 1.00000
vt 0.35417 0.00000
vt 0.35417 0.06250
vt 0.35417 0.12500
vt 0.35417 0.18750
vt 0.35417 0.25000
vt 0.35417 0.31250
vt 0.35417 0.37500
vt 0.35417 0.43750
vt 0.35417 0.50000
vt 0.35417 0.56250
vt 0.35417 0.62500
vt 0.35417 0.68750
vt 0.35417 0.75000
vt 0.35417 0.81250
vt 0.35417 0.87500
vt 0.35417 0.93750
vt 0.35417 1.00000
vt 0.37500 0.00000
vt 0.37500 0.06250
vt 0.37500 0.12500
vt 0.37500 0.18750
vt 0.37500 0.25000
vt 0.37500 0.31250
vt 0.37500 0.37500
vt 0.37500 0.43750
vt 0.37500 0.50000
vt 0.37500 0.56250
vt 0.37500 0.62500
vt 0.37500 0.68750
vt 0.37500 0.75000
vt 0.37500 0.81250
vt 0.37500 0.87500
vt 0.37500 0.93750
vt 0.37500 1.00000
vt 0.39583 0.00000
vt 0.39583 0.06250
vt 0.39583 0.12500
vt 0.39583 0.18750
vt 0.39583 0.25000
vt 0.39583 0.31250
vt 0.39583 0.37500
vt 0.39583 0.43750
vt 0.39583 0.50000
vt 0.39583 0.56250
vt 0.39583 0.62500
vt 0.39583 0.68750
vt 0.39583 0.75000
vt 0.39583 0.81250
vt 0.39583 0.87500
vt 0.39583 0.93750
vt 0.39583 1.00000
vt 0.41667 0.00000
vt 0.41667 0.06250
vt 0.41667 0.12500
vt 0.41667 0.18750
vt 0.41667 0.25000
vt 0.41667 0.31250
vt 0.41667 0.37500
vt 0.41667 0.43750
vt 0.41667 0.50000
vt 0.41667 0.56250
vt 0.41667 0.62500
vt 0.41667 0.68750
vt 0.41667 0.75000
vt 0.41667 0.81250
vt 0.41667 0.87500
vt 0.41667 0.93750
vt 0.41667 1.00000
vt 0.43750 0.00000
vt 0.43750 0.06250
vt 0.43750 0.12500
vt 0.43750 0.18750
vt 0.43750 0.25000
vt 0.43750 0.31250
vt 0.43750 0.37500
vt 0.43750 0.43750
vt 0.43750 0.50000
vt 0.43750 0.56250
vt 0.43750 0.62500
vt 0.43750 0.68750
vt 0.43750 0.75000
vt 0.43750 0.81250
vt 0.43750 0.87500
vt 0.43750 0.93750
vt 0.43750 1.00000
vt 0.45833 0.00000
vt 0.45833 0.06250
vt 0.45833 0.12500
vt 0.45833 0.18750
vt 0.45833 0.25000
vt 0.45833 0.31250
vt 0.45833 0.37500
vt 0.45833 0.43750
vt 0.45833 0.50000
vt 0.45833 0.56250
vt 0.45833 0.62500
vt 0.45833 0.68750
vt 0.45833 0.75000
vt 0.45833 0.81250
vt 0.45833 0.87500
vt 0.45833 0.93750
vt 0.45833 1.00000
vt 0.47917 0.00000
vt 0.47917 0.06250
vt 0.47917 0.12500
vt 0.47917 0.18750
vt 0.47917 0.25000
vt 0.47917 0.31250
vt 0.47917 0.37500
vt 0.47917 0.43750
vt 0.47917 0.50000
vt 0.47917 0.56250
vt 0.47917 0.62500
vt 0.47917 0.68750
vt 0.47917 0.75000
vt 0.47917 0.81250
vt 0.47917 0.87500
vt 0.47917 0.93750
vt 0.47917 1.00000
vt 0.50000 0.00000
vt 0.50000 0.06250
vt 0.50000 0.12500
vt 0.50000 0.18750
vt 0.50000 0.25000
vt 0.50000 0.31250
vt 0.50000 0.37500
vt 0.50000 0.43750
vt 0.50000 0.50000
vt 0.50000 0.56250
vt 0.50000 0.62500
vt 0.50000 0.68750
vt 0.50000 0.75000
vt 0.50000 0.81250
vt 0.50000 0.87500
vt 0.50000 0.93750
vt 0.50000 1.00000
vt 0.52083 0.00000
vt 0.52083 0.06250
vt 0.52083 0.12500
vt 0.52083 0.18750
vt 0.52083 0.25000
vt 0.52083 0.31250
vt 0.52083 0.37500
vt 0.52083 0.43750
vt 0.52083 0.50000
vt 0.52083 0.56250
vt 0.52083 0.62500
vt 0.52083 0.68750
vt 0.52083 0.75000
vt 0.52083 0.81250
vt 0.52083 0.87500
vt 0.52083 0.93750
vt 0.52083 1.00000
vt 0.54167 0.00000
vt 0.54167 0.06250
vt 0.54167 0.12500
vt 0.54167 0.18750
vt 0.54167 0.25000
vt 0.54167 0.31250
vt 0.54167 0.37500
vt 0.54167 0.43750
vt 0.54167 0.50000
vt 0.54167 0.56250
vt 0.54167 0.62500
vt 0.54167 0.68750
vt 0.54167 0.75000
vt 0.54167 0.81250
vt 0.54167 0.87500
vt 0.54167 0.93750
vt 0.54167 1.00000
vt 0.56250 0.00000
vt 0.56250 0.06250
vt 0.56250 0.12500
vt 0.56250 0.18750
vt 0.56250 0.25000
vt 0.56250 0.31250
vt 0.56250 0.37500
vt 0.56250 0.43750
vt 0.56250 0.50000
vt 0.56250 0.56250
vt 0.56250 0.62500
vt 0.56250 0.68750
vt 0.56250 0.75000
vt 0.56250 0.81250
vt 0.56250 0.87500
vt 0.56250 0.93750
vt 0.56250 1.00000
vt 0.58333 0.00000
vt 0.58333 0.06250
vt 0.58333 0.12500
vt 0.58333 0.18750
vt 0.58333 0.25000
vt 0.58333 0.31250
vt 0.58333 0.37500
vt 0.58333 0.43750
vt 0.58333 0.50000
vt 0.58333 0.56250
vt 0.58333 0.62500
vt 0.58333 0.68750
vt 0.58333 0.75000
vt 0.58333 0.81250
vt 0.58333 0.87500
vt 0.58333 0.93750
vt 0.58333 1.00000
vt 0.60417 0.00000
vt 0.60417 0.06250
vt 0.60417 0.12500
vt 0.60417 0.18750
vt 0.60417 0.25000
vt 0.60417 0.31250
vt 0.60417 0.37500
vt 0.60417 0.43750
vt 0.60417 0.50000
vt 0.60417 0.56250
vt 0.60417 0.62500
vt 0.60417 0.68750
vt 0.60417 0.75000
vt 0.60417 0.81250
vt 0.60417 0.87500
vt 0.60417 0.93750
vt 0.60417 1.00000
vt 0.62500 0.00000
vt 0.62500 0.06250
vt 0.62500 0.12500
vt 0.62500 0.18750
vt 0.62500 0.25000
vt 0.62500 0.31250
vt 0.62500 0.37500
vt 0.62500 0.43750
vt 0.62500 0.50000
vt 0.62500 0.56250
vt 0.62500 0.62500
vt 0.62500 0.68750
vt 0.62500 0.75000
vt 0.62500 0.81250
vt 0.62500 0.87500
vt 0.62500 0.93750
vt 0.62500 1.00000
vt 0.64583 0.00000
vt 0.64583 0.06250
vt 0.64583 0.12500
vt 0.64583 0.18750
vt 0.64583 0.25000
vt 0.64583 0.31250
vt 0.64583 0.37500
vt 0.64583 0.43750
vt 0.64583 0.50000
vt 0.64583 0.56250
vt 0.64583 0.62500
vt 0.64583 0.68750
vt 0.64583 0.75000
vt 0.64583 0.81250
vt 0.64583 0.87500
vt 0.64583 0.93750
vt 0.64583 1.00000
vt 0.66667 0.00000
vt 0.66667 0.06250
vt 0.66667 0.12500
vt 0.66667 0.18750
vt 0.66667 0.25000
vt 0.66667 0.31250
vt 0.66667 0.37500
vt 0.66667 0.43750
vt 0.66667 0.50000
vt 0.66667 0.56250
vt 0.66667 0.62500
vt 0.66667 0.68750
vt 0.66667 0.75000
vt 0.66667 0.81250
vt 0.66667 0.87500
vt 0.66667 0.93750
vt 0.66667 1.00000
vt 0.68750 0.00000
vt 0.68750 0.06250
vt 0.68750 0.12500
vt 0.68750 0.18750
vt 0.68750 0.25000
vt 0.68750 0.31250
vt 0.68750 0.37500
vt 0.68750 0.43750
vt 0.68750 0.50000
vt 0.68750 0.56250
vt 0.68750 0.62500
vt 0.68750 0.68750
vt 0.68750 0.75000
vt 0.68750 0.81250
vt 0.68750 0.87500
vt 0.68750 0.93750
vt 0.68750 1.00000
vt 0.70833 0.00000
vt 0.70833 0.06250
vt 0.70833 0.12500
vt 0.70833 0.18750
vt 0.70833 0.25000
vt 0.70833 0.31250
vt 0.70833 0.37500
vt 0.70833 0.43750
vt 0.70833 0.50000
vt 0.70833 0.56250
vt 0.70833 0.62500
vt 0.70833 0.68750
vt 0.70833 0.75000
vt 0.70833 0.81250
vt 0.70833 0.87500
vt 0.70833 0.93750
vt 0.70833 1.00000
vt 0.72917 0.00000
vt 0.72917 0.06250
vt 0.72917 0.12500
vt 0.72917 0.18750
vt 0.72917 0.25000
vt 0.72917 0.31250
vt 0.72917 0.37500
vt 0.72917 0.43750
vt 0.72917 0.50000
vt 0.72917 0.56250
vt 0.72917 0.62500
vt 0.72917 0.68750
vt 0.72917 0.75000
vt 0.72917 0.81250
vt 0.72917 0.87500
vt 0.72917 0.93750
vt 0.72917 1.00000
vt 0.75000 0.00000
vt 0.75000 0.06250
vt 0.75000 0.12500
vt 0.75000 0.18750
vt 0.75000 0.25000
vt 0.75000 0.31250
vt 0.75000 0.37500
vt 0.75000 0.43750
vt 0.75000 0.50000
vt 0.75000 0.56250
vt 0.75000 0.62500
vt 0.75000 0.68750
vt 0.75000 0.75000
vt 0.75000 0.81250
vt 0.75000 0.87500
vt 0.75000 0.93750
vt 0.75000 1.00000
vt 0.77083 0.00000
vt 0.77083 0.06250
vt 0.77083 0.12500
vt 0.77083 0.18750
vt 0.77083 0.25000
vt 0.77083 0.31250
vt 0.77083 0.37500
vt 0.77083 0.43750
vt 0.77083 0.50000
vt 0.77083 0.56250
vt 0.77083 0.62500
vt 0.77083 0.68750
vt 0.77083 0.75000
vt 0.77083 0.81250
vt 0.77083 0.87500
vt 0.77083 0.93750
vt 0.77083 1.00000
vt 0.79167 0.00000
vt 0.79167 0.06250
vt 0.79167 0.12500
vt 0.79167 0.18750
vt 0.79167 0.25000
vt 0.79167 0.31250
vt 0.79167 0.37500
vt 0.79167 0.43750
vt 0.79167 0.50000
vt 0.79167 0.56250
vt 0.79167 0.62500
vt 0.79167 0.68750
vt 0.79167 0.75000
vt 0.79167 0.81250
vt 0.79167 0.87500
vt 0.79167 0.93750
vt 0.79167 1.00000
vt 0.81250 0.00000
vt 0.81250 0.06250
vt 0.81250 0.12500
vt 0.81250 0.18750
vt 0.81250 0.25000
vt 0.81250 0.31250
vt 0.81250 0.37500
vt 0.81250 0.43750
vt 0.81250 0.50000
vt 0.81250 0.56250
vt 0.81250 0.62500
vt 0.81250 0.68750
vt 0.81250 0.75000
vt 0.81250 0.81250
vt 0.81250 0.87500
vt 0.81250 0.93750
vt 0.81250 1.00000
vt 0.83333 0.00000
vt 0.83333 0.06250
vt 0.83333 0.12500
vt 0.83333 0.18750
vt 0.83333 0.25000
vt 0.83333 0.31250
vt 0.83333 0.37500
vt 0.83333 0.43750
vt 0.83333 0.50000
vt 0.83333 0.56250
vt 0.83333 0.62500
vt 0.83333 0.68750
vt 0.83333 0.75000
vt 0.83333 0.81250
vt 0.83333 0.87500
vt 0.83333 0.93750
vt 0.83333 1.00000
vt 0.85417 0.00000
vt 0.85417 0.06250
vt 0.85417 0.12500
vt 0.85417 0.18750
vt 0.85417 0.25000
vt 0.85417 0.31250
vt 0.85417 0.37500
vt 0.85417 0.43750
vt 0.85417 0.50000
vt 0.85417 0.56250
vt 0.85417 0.62500
vt 0.85417 0.68750
vt 0.85417 0.75000
vt 0.85417 0.81250
vt 0.85417 0.87500
vt 0.85417 0.93750
vt 0.85417 1.00000
vt 0.87500 0.00000
vt 0.87500 0.06250
vt 0.87500 0.12500
vt 0.87500 0.18750
vt 0.87500 0.25000
vt 0.87500 0.31250
vt 0.87500 0.37500
vt 0.87500 0.43750
vt 0.87500 0.50000
vt 0.87500 0.56250
vt 0.87500 0.62500
vt 0.87500 0.68750
vt 0.87500 0.75000
vt 0.87500 0.81250
vt 0.87500 0.87500
vt 0.87500 0.93750
vt 0.87500 1.00000
vt 0.89583 0.00000
vt 0.89583 0.06250
vt 0.89583 0.12500
vt 0.89583 0.18750
vt 0.89583 0.25000
vt 0.89583 0.31250
vt 0.89583 0.37500
vt 0.89583 0.43750
vt 0.89583 0.50000
vt 0.89583 0.56250
vt 0.89583 0.62500
vt 0.89583 0.68750
vt 0.89583 0.75000
vt 0.89583 0.81250
vt 0.89583 0.87500
vt 0.89583 0.93750
vt 0.89583 1.00000
vt 0.91667 0.00000
vt 0.91667 0.06250
vt 0.91667 0.12500
vt 0.91667 0.18750
vt 0.91667 0.25000
vt 0.91667 0.31250
vt 0.91667 0.37500
vt 0.91667 0.43750
vt 0.91667 0.50000
vt 0.91667 0.56250
vt 0.91667 0.62500
vt 0.91667 0.68750
vt 0.91667 0.75000
vt 0.91667 0.81250
vt 0.91667 0.87500
vt 0.91667 0.93750
vt 0.91667 1.00000
vt 0.93750 0.00000
vt 0.93750 0.06250
vt 0.93750 0.12500
vt 0.93750 0.18750
vt 0.93750 0.25000
vt 0.93750 0.31250
vt 0.93750 0.37500
vt 0.93750 0.43750
vt 0.93750 0.50000
vt 0.93750 0.56250
vt 0.93750 0.62500
vt 0.93750 0.68750
vt 0.93750 0.75000
vt 0.93750 0.81250
vt 0.93750 0.87500
vt 0.93750 0.93750
vt 0.93750 1.00000
vt 0.95833 0.00000
vt 0.95833 0.06250
vt 0.95833 0.12500
vt 0.95833 0.18750
vt 0.95833 0.25000
vt 0.95833 0.31250
vt 0.95833 0.37500
vt 0.95833 0.43750
vt 0.95833 0.50000
vt 0.95833 0.56250
vt 0.95833 0.62500
vt 0.95833 0.68750
vt 0.95833 0.75000
vt 0.95833 0.81250
vt 0.95833 0.87500
vt 0.95833 0.93750
vt 0.95833 1.00000
vt 0.97917 0.00000
vt 0.97917 0.06250
vt 0.97917 0.12500
vt 0.97917 0.18750
vt 0.97917 0.25000
vt 0.97917 0.31250
vt 0.97917 0.37500
vt 0.97917 0.43750
vt 0.97917 0.50000
vt 0.97917 0.56250
vt 0.97917 0.62500
vt 0.97917 0.68750
vt 0.97917 0.75000
vt 0.97917 0.81250
vt 0.97917 0.87500
vt 0.97917 0.93750
vt 0.97917 1.00000
vt 1.00000 0.00000
vt 1.00000 0.06250
vt 1.00000 0.12500
vt 1.00000 0.18750
vt 1.00000 0.25000
vt 1.00000 0.31250
vt 1.00000 0.37500
vt 1.00000 0.43750
vt 1.00000 0.50000
vt 1.00000 0.56250
vt 1.00000 0.62500
vt 1.00000 0.68750
vt 1.00000 0.75000
vt 1.00000 0.81250
vt 1.00000 0.87500
vt 1.00000 0.93750
vt 1.00000 1.00000
vn -0.99666 -0.04896 -0.06532
vn -0.99307 -0.09781 -0.06509
vn -0.97877 -0.19469 -0.06415
vn -0.95506 -0.28972 -0.06260
vn -0.92219 -0.38198 -0.06044
vn -0.88045 -0.47061 -0.05771
vn -0.83024 -0.55475 -0.05442
vn -0.77202 -0.63358 -0.05060
vn -0.70635 -0.70635 -0.04630
vn -0.63385 -0.77234 -0.04154
vn -0.55520 -0.83092 -0.03639
vn -0.47117 -0.88150 -0.03088
vn -0.38256 -0.92359 -0.02507
vn -0.29023 -0.95677 -0.01902
vn -0.19507 -0.98071 -0.01279
vn -0.09802 -0.99516 -0.00642
vn -0.00000 -0.00000 -0.00000
vn -0.99025 -0.04907 -0.13037
vn -0.98667 -0.09802 -0.12990
vn -0.97239 -0.19509 -0.12802
vn -0.94875 -0.29028 -0.12491
vn -0.91598 -0.38268 -0.12059
vn -0.87438 -0.47140 -0.11511
vn -0.82436 -0.55557 -0.10853
vn -0.76640 -0.63439 -0.10090
vn -0.70106 -0.70711 -0.09230
vn -0.62897 -0.77301 -0.08280
vn -0.55082 -0.83147 -0.07252
vn -0.46736 -0.88192 -0.06153
vn -0.37941 -0.92388 -0.04995
vn -0.28780 -0.95694 -0.03789
vn -0.19342 -0.98079 -0.02546
vn -0.09718 -0.99518 -0.01279
vn -0.00000 -0.00000 -0.00000
vn -0.96476 -0.04907 -0.25851
vn -0.96127 -0.09802 -0.25757
vn -0.94737 -0.19509 -0.25385
vn -0.92433 -0.29028 -0.24767
vn -0.89240 -0.38268 -0.23912
vn -0.85187 -0.47140 -0.22826
vn -0.80314 -0.55557 -0.21520
vn -0.74667 -0.63439 -0.20007
vn -0.68301 -0.70711 -0.18301
vn -0.61278 -0.77301 -0.16419
vn -0.53664 -0.83147 -0.14379
vn -0.45533 -0.88192 -0.12201
vn -0.36964 -0.92388 -0.09905
vn -0.28039 -0.95694 -0.07513
vn -0.18844 -0.98079 -0.05049
vn -0.09468 -0.99518 -0.02537
vn -0.00000 -0.00000 -0.00000
vn -0.92277 -0.04907 -0.38222
vn -0.91943 -0.09802 -0.38084
vn -0.90613 -0.19509 -0.37533
vn -0.88410 -0.29028 -0.36621
vn -0.85355 -0.38268 -0.35355
vn -0.81479 -0.47140 -0.33750
vn -0.76818 -0.55557 -0.31819
vn -0.71417 -0.63439 -0.29582
vn -0.65328 -0.70711 -0.27060
vn -0.58610 -0.77301 -0.24277
vn -0.51328 -0.83147 -0.21261
vn -0.43551 -0.88192 -0.18040
vn -0.35355 -0.92388 -0.14645
vn -0.26819 -0.95694 -0.11109
vn -0.18024 -0.98079 -0.07466
vn -0.09056 -0.99518 -0.03751
vn -0.00000 -0.00000 -0.00000
vn -0.86498 -0.04907 -0.49940
vn -0.86186 -0.09802 -0.49759
vn -0.84938 -0.19509 -0.49039
vn -0.82873 -0.29028 -0.47847
vn -0.80010 -0.38268 -0.46194
vn -0.76377 -0.47140 -0.44096
vn -0.72007 -0.55557 -0.41573
vn -0.66945 -0.63439 -0.38651
vn -0.61237 -0.70711 -0.35355
vn -0.54940 -0.77301 -0.31720
vn -0.48114 -0.83147 -0.27779
vn -0.40824 -0.88192 -0.23570
vn -0.33141 -0.92388 -0.19134
vn -0.25139 -0.95694 -0.14514
vn -0.16895 -0.98079 -0.09755
vn -0.08489 -0.99518 -0.04901
vn -0.00000 -0.00000 -0.00000
vn -0.79240 -0.04907 -0.60803
vn -0.78953 -0.09802 -0.60583
vn -0.77811 -0.19509 -0.59706
vn -0.75919 -0.29028 -0.58255
vn -0.73296 -0.38268 -0.56242
vn -0.69968 -0.47140 -0.53688
vn -0.65965 -0.55557 -0.50617
vn -0.61327 -0.63439 -0.47058
vn -0.56099 -0.70711 -0.43046
vn -0.50330 -0.77301 -0.38619
vn -0.44076 -0.83147 -0.33821
vn -0.37398 -0.88192 -0.28697
vn -0.30360 -0.92388 -0.23296
vn -0.23030 -0.95694 -0.17671
vn -0.15478 -0.98079 -0.11876
vn -0.07776 -0.99518 -0.05967
vn -0.00000 -0.00000 -0.00000
vn -0.70626 -0.04907 -0.70626
vn -0.70370 -0.09802 -0.70370
vn -0.69352 -0.19509 -0.69352
vn -0.67666 -0.29028 -0.67666
vn -0.65328 -0.38268 -0.65328
vn -0.62361 -0.47140 -0.62361
vn -0.58794 -0.55557 -0.58794
vn -0.54660 -0.63439 -0.54660
vn -0.50000 -0.70711 -0.50000
vn -0.44858 -0.77301 -0.44858
vn -0.39285 -0.83147 -0.39285
vn -0.33333 -0.88192 -0.33333
vn -0.27060 -0.92388 -0.27060
vn -0.20526 -0.95694 -0.20526
vn -0.13795 -0.98079 -0.13795
vn -0.06931 -0.99518 -0.06931
vn -0.00000 -0.00000 -0.00000
vn -0.60803 -0.04907 -0.79240
vn -0.60583 -0.09802 -0.78953
vn -0.59706 -0.19509 -0.77811
vn -0.58255 -0.29028 -0.75919
vn -0.56242 -0.38268 -0.73296
vn -0.53688 -0.47140 -0.69968
vn -0.50617 -0.55557 -0.65965
vn -0.47058 -0.63439 -0.61327
vn -0.43046 -0.70711 -0.56099
vn -0.38619 -0.77301 -0.50330
vn -0.33821 -0.83147 -0.44076
vn -0.28697 -0.88192 -0.37398
vn -0.23296 -0.92388 -0.30360
vn -0.17671 -0.95694 -0.23030
vn -0.11876 -0.98079 -0.15478
vn -0.05967 -0.99518 -0.07776
vn -0.00000 -0.00000 -0.00000
vn -0.49940 -0.04907 -0.86498
vn -0.49759 -0.09802 -0.86186
vn -0.49039 -0.19509 -0.84938
vn -0.47847 -0.29028 -0.82873
vn -0.46194 -0.38268 -0.80010
vn -0.44096 -0.47140 -0.76377
vn -0.41573 -0.55557 -0.72007
vn -0.38651 -0.63439 -0.66945
vn -0.35355 -0.70711 -0.61237
vn -0.31720 -0.77301 -0.54940
vn -0.27779 -0.83147 -0.48114
vn -0.23570 -0.88192 -0.40824
vn -0.19134 -0.92388 -0.33141
vn -0.14514 -0.95694 -0.25139
vn -0.09755 -0.98079 -0.16895
vn -0.04901 -0.99518 -0.08489
vn -0.00000 -0.00000 -0.00000
vn -0.38222 -0.04907 -0.92277
vn -0.38084 -0.09802 -0.91943
vn -0.37533 -0.19509 -0.90613
vn -0.36621 -0.29028 -0.88410
vn -0.35355 -0.38268 -0.85355
vn -0.33750 -0.47140 -0.81479
vn -0.31819 -0.55557 -0.76818
vn -0.29582 -0.63439 -0.71417
vn -0.27060 -0.70711 -0.65328
vn -0.24277 -0.77301 -0.58610
vn -0.21261 -0.83147 -0.51328
vn -0.18040 -0.88192 -0.43551
vn -0.14645 -0.92388 -0.35355
vn -0.11109 -0.95694 -0.26819
vn -0.07466 -0.98079 -0.18024
vn -0.03751 -0.99518 -0.09056
vn -0.00000 -0.00000 -0.00000
vn -0.25851 -0.04907 -0.96476
vn -0.25757 -0.09802 -0.96127
vn -0.25385 -0.19509 -0.94737
vn -0.24767 -0.29028 -0.92433
vn -0.23912 -0.38268 -0.89240
vn -0.22826 -0.47140 -0.85187
vn -0.21520 -0.55557 -0.80314
vn -0.20007 -0.63439 -0.74667
vn -0.18301 -0.70711 -0.68301
vn -0.16419 -0.77301 -0.61278
vn -0.14379 -0.83147 -0.53664
vn -0.12201 -0.88192 -0.45533
vn -0.09905 -0.92388 -0.36964
vn -0.07513 -0.95694 -0.28039
vn -0.05049 -0.98079 -0.18844
vn -0.02537 -0.99518 -0.09468
vn -0.00000 -0.00000 -0.00000
vn -0.13037 -0.04907 -0.99025
vn -0.12990 -0.09802 -0.98667
vn -0.12802 -0.19509 -0.97239
vn -0.12491 -0.29028 -0.94875
vn -0.12059 -0.38268 -0.91598
vn -0.11511 -0.47140 -0.87438
vn -0.10853 -0.55557 -0.82436
vn -0.10090 -0.63439 -0.76640
vn -0.09230 -0.70711 -0.70106
vn -0.08280 -0.77301 -0.62897
vn -0.07252 -0.83147 -0.55082
vn -0.06153 -0.88192 -0.46736
vn -0.04995 -0.92388 -0.37941
vn -0.03789 -0.95694 -0.28780
vn -0.02546 -0.98079 -0.19342
vn -0.01279 -0.99518 -0.09718
vn -0.00000 -0.00000 -0.00000
vn -0.00000 -0.04907 -0.99880
vn -0.00000 -0.09802 -0.99518
vn -0.00000 -0.19509 -0.98079
vn -0.00000 -0.29028 -0.95694
vn -0.00000 -0.38268 -0.92388
vn -0.00000 -0.47140 -0.88192
vn -0.00000 -0.55557 -0.83147
vn -0.00000 -0.63439 -0.77301
vn -0.00000 -0.70711 -0.70711
vn -0.00000 -0.77301 -0.63439
vn -0.00000 -0.83147 -0.55557
vn -0.00000 -0.88192 -0.47140
vn -0.00000 -0.92388 -0.38268
vn -0.00000 -0.95694 -0.29028
vn -0.00000 -0.98079 -0.19509
vn -0.00000 -0.99518 -0.09802
vn -0.00000 -0.00000 -0.00000
vn 0.13037 -0.04907 -0.99025
vn 0.12990 -0.09802 -0.98667
vn 0.12802 -0.19509 -0.97239
vn 0.12491 -0.29028 -0.94875
vn 0.12059 -0.38268 -0.91598
vn 0.11511 -0.47140 -0.87438
vn 0.10853 -0.55557 -0.82436
vn 0.10090 -0.63439 -0.76640
vn 0.09230 -0.70711 -0.70106
vn 0.08280 -0.77301 -0.62897
vn 0.07252 -0.83147 -0.55082
vn 0.06153 -0.88192 -0.46736
vn 0.04995 -0.92388 -0.37941
vn 0.03789 -0.95694 -0.28780
vn 0.02546 -0.98079 -0.19342
vn 0.01279 -0.99518 -0.09718
vn 0.00000 -0.00000 -0.00000
vn 0.25851 -0.04907 -0.96476
vn 0.25757 -0.09802 -0.96127
vn 0.25385 -0.19509 -0.94737
vn 0.24767 -0.29028 -0.92433
vn 0.23912 -0.38268 -0.89240
vn 0.22826 -0.47140 -0.85187
vn 0.21520 -0.55557 -0.80314
vn 0.20007 -0.63439 -0.74667
vn 0.18301 -0.70711 -0.68301
vn 0.16419 -0.77301 -0.61278
vn 0.14379 -0.83147 -0.53664
vn 0.12201 -0.88192 -0.45533
vn 0.09905 -0.92388 -0.36964
vn 0.07513 -0.95694 -0.28039
vn 0.05049 -0.98079 -0.18844
vn 0.02537 -0.99518 -0.09468
vn 0.00000 -0.00000 -0.00000
vn 0.38222 -0.04907 -0.92277
vn 0.38084 -0.09802 -0.91943
vn 0.37533 -0.19509 -0.90613
vn 0.36621 -0.29028 -0.88410
vn 0.35355 -0.38268 -0.85355
vn 0.33750 -0.47140 -0.81479
vn 0.31819 -0.55557 -0.76818
vn 0.29582 -0.63439 -0.71417
vn 0.27060 -0.70711 -0.65328
vn 0.24277 -0.77301 -0.58610
vn 0.21261 -0.83147 -0.51328
vn 0.18040 -0.88192 -0.43551
vn 0.14645 -0.92388 -0.35355
vn 0.11109 -0.95694 -0.26819
vn 0.07466 -0.98079 -0.18024
vn 0.03751 -0.99518 -0.09056
vn 0.00000 -0.00000 -0.00000
vn 0.49940 -0.04907 -0.86498
vn 0.49759 -0.09802 -0.86186
vn 0.49039 -0.19509 -0.84938
vn 0.47847 -0.29028 -0.82873
vn 0.46194 -0.38268 -0.80010
vn 0.44096 -0.47140 -0.76377
vn 0.41573 -0.55557 -0.72007
vn 0.38651 -0.63439 -0.66945
vn 0.35355 -0.70711 -0.61237
vn 0.31720 -0.77301 -0.54940
vn 0.27779 -0.83147 -0.48114
vn 0.23570 -0.88192 -0.40824
vn 0.19134 -0.92388 -0.33141
vn 0.14514 -0.95694 -0.25139
vn 0.09755 -0.98079 -0.16895
vn 0.04901 -0.99518 -0.08489
vn 0.00000 -0.00000 -0.00000
vn 0.60803 -0.04907 -0.79240
vn 0.60583 -0.09802 -0.78953
vn 0.59706 -0.19509 -0.77811
vn 0.58255 -0.29028 -0.75919
vn 0.56242 -0.38268 -0.73296
vn 0.53688 -0.47140 -0.69968
vn 0.50617 -0.55557 -0.65965
vn 0.47058 -0.63439 -0.61327
vn 0.43046 -0.70711 -0.56099
vn 0.38619 -0.77301 -0.50330
vn 0.33821 -0.83147 -0.44076
vn 0.28697 -0.88192 -0.37398
vn 0.23296 -0.92388 -0.30360
vn 0.17671 -0.95694 -0.23030
vn 0.11876 -0.98079 -0.15478
vn 0.05967 -0.99518 -0.07776
vn 0.00000 -0.00000 -0.00000
vn 0.70626 -0.04907 -0.70626
vn 0.70370 -0.09802 -0.70370
vn 0.69352 -0.19509 -0.69352
vn 0.67666 -0.29028 -0.67666
vn 0.65328 -0.38268 -0.65328
vn 0.62361 -0.47140 -0.62361
vn 0.58794 -0.55557 -0.58794
vn 0.54660 -0.63439 -0.54660
vn 0.50000 -0.70711 -0.50000
vn 0.44858 -0.77301 -0.44858
vn 0.39285 -0.83147 -0.39285
vn 0.33333 -0.88192 -0.33333
vn 0.27060 -0.92388 -0.27060
vn 0.20526 -0.95694 -0.20526
vn 0.13795 -0.98079 -0.13795
vn 0.06931 -0.99518 -0.06931
vn 0.00000 -0.00000 -0.00000
vn 0.79240 -0.04907 -0.60803
vn 0.78953 -0.09802 -0.60583
vn 0.77811 -0.19509 -0.59706
vn 0.75919 -0.29028 -0.58255
vn 0.73296 -0.38268 -0.56242
vn 0.69968 -0.47140 -0.53688
vn 0.65965 -0.55557 -0.50617
vn 0.61327 -0.63439 -0.47058
vn 0.56099 -0.70711 -0.43046
vn 0.50330 -0.77301 -0.38619
vn 0.44076 -0.83147 -0.33821
vn 0.37398 -0.88192 -0.28697
vn 0.30360 -0.92388 -0.23296
vn 0.23030 -0.95694 -0.17671
vn 0.15478 -0.98079 -0.11876
vn 0.07776 -0.99518 -0.05967
vn 0.00000 -0.00000 -0.00000
vn 0.86498 -0.04907 -0.49940
vn 0.86186 -0.09802 -0.49759
vn 0.84938 -0.19509 -0.49039
vn 0.82873 -0.29028 -0.47847
vn 0.80010 -0.38268 -0.46194
vn 0.76377 -0.47140 -0.44096
vn 0.72007 -0.55557 -0.41573
vn 0.66945 -0.63439 -0.38651
vn 0.61237 -0.70711 -0.35355
vn 0.54940 -0.77301 -0.31720
vn 0.48114 -0.83147 -0.27779
vn 0.40824 -0.88192 -0.23570
vn 0.33141 -0.92388 -0.19134
vn 0.25139 -0.95694 -0.14514
vn 0.16895 -0.98079 -0.09755
vn 0.08489 -0.99518 -0.04901
vn 0.00000 -0.00000 -0.00000
vn 0.92277 -0.04907 -0.38222
vn 0.91943 -0.09802 -0.38084
vn 0.90613 -0.19509 -0.37533
vn 0.88410 -0.29028 -0.36621
vn 0.85355 -0.38268 -0.35355
vn 0.81479 -0.47140 -0.33750
vn 0.76818 -0.55557 -0.31819
vn 0.71417 -0.63439 -0.29582
vn 0.65328 -0.70711 -0.27060
vn 0.58610 -0.77301 -0.24277
vn 0.51328 -0.83147 -0.21261
vn 0.43551 -0.88192 -0.18040
vn 0.35355 -0.92388 -0.14645
vn 0.26819 -0.95694 -0.11109
vn 0.18024 -0.98079 -0.07466
vn 0.09056 -0.99518 -0.03751
vn 0.00000 -0.00000 -0.00000
vn 0.96476 -0.04907 -0.25851
vn 0.96127 -0.09802 -0.25757
vn 0.94737 -0.19509 -0.25385
vn 0.92433 -0.29028 -0.24767
vn 0.89240 -0.38268 -0.23912
vn 0.85187 -0.47140 -0.22826
vn 0.80314 -0.55557 -0.21520
vn 0.74667 -0.63439 -0.20007
vn 0.68301 -0.70711 -0.18301
vn 0.61278 -0.77301 -0.16419
vn 0.53664 -0.83147 -0.14379
vn 0.45533 -0.88192 -0.12201
vn 0.36964 -0.92388 -0.09905
vn 0.28039 -0.95694 -0.07513
vn 0.18844 -0.98079 -0.05049
vn 0.09468 -0.99518 -0.02537
vn 0.00000 -0.00000 -0.00000
vn 0.99025 -0.04907 -0.13037
vn 0.98667 -0.09802 -0.12990
vn 0.97239 -0.19509 -0.12802
vn 0.94875 -0.29028 -0.12491
vn 0.91598 -0.38268 -0.12059
vn 0.87438 -0.47140 -0.11511
vn 0.82436 -0.55557 -0.10853
vn 0.76640 -0.63439 -0.10090
vn 0.70106 -0.70711 -0.09230
vn 0.62897 -0.77301 -0.08280
vn 0.55082 -0.83147 -0.07252
vn 0.46736 -0.88192 -0.06153
vn 0.37941 -0.92388 -0.04995
vn 0.28780 -0.95694 -0.03789
vn 0.19342 -0.98079 -0.02546
vn 0.09718 -0.99518 -0.01279
vn 0.00000 -0.00000 -0.00000
vn 0.99880 -0.04907 0.00000
vn 0.99518 -0.09802 0.00000
vn 0.98079 -0.19509 0.00000
vn 0.95694 -0.29028 0.00000
vn 0.92388 -0.38268 0.00000
vn 0.88192 -0.47140 0.00000
vn 0.83147 -0.55557 0.00000
vn 0.77301 -0.63439 0.00000
vn 0.70711 -0.70711 0.00000
vn 0.63439 -0.77301 0.00000
vn 0.55557 -0.83147 0.00000
vn 0.47140 -0.88192 0.00000
vn 0.38268 -0.92388 0.00000
vn 0.29028 -0.95694 0.00000
vn 0.19509 -0.98079 0.00000
vn 0.09802 -0.99518 0.00000
vn 0.00000 -0.00000 0.00000
vn 0.99025 -0.04907 0.13037
vn 0.98667 -0.09802 0.12990
vn 0.97239 -0.19509 0.12802
vn 0.94875 -0.29028 0.12491
vn 0.91598 -0.38268 0.12059
vn 0.87438 -0.47140 0.11511
vn 0.82436 -0.55557 0.10853
vn 0.76640 -0.63439 0.10090
vn 0.70106 -0.70711 0.09230
vn 0.62897 -0.77301 0.08280
vn 0.55082 -0.83147 0.07252
vn 0.46736 -0.88192 0.06153
vn 0.37941 -0.92388 0.04995
vn 0.28780 -0.95694 0.03789
vn 0.19342 -0.98079 0.02546
vn 0.09718 -0.99518 0.01279
vn 0.00000 -0.00000 0.00000
vn 0.96476 -0.04907 0.25851
vn 0.96127 -0.09802 0.25757
vn 0.94737 -0.19509 0.25385
vn 0.92433 -0.29028 0.24767
vn 0.89240 -0.38268 0.23912
vn 0.85187 -0.47140 0.22826
vn 0.80314 -0.55557 0.21520
vn 0.74667 -0.63439 0.20007
vn 0.68301 -0.70711 0.18301
vn 0.61278 -0.77301 0.16419
vn 0.53664 -0.83147 0.14379
vn 0.45533 -0.88192 0.12201
vn 0.36964 -0.92388 0.09905
vn 0.28039 -0.95694 0.07513
vn 0.18844 -0.98079 0.05049
vn 0.09468 -0.99518 0.02537
vn 0.00000 -0.00000 0.00000
vn 0.92277 -0.04907 0.38222
vn 0.91943 -0.09802 0.38084
vn 0.90613 -0.19509 0.37533
vn 0.88410 -0.29028 0.36621
vn 0.85355 -0.38268 0.35355
vn 0.81479 -0.47140 0.33750
vn 0.76818 -0.55557 0.31819
vn 0.71417 -0.63439 0.29582
vn 0.65328 -0.70711 0.27060
vn 0.58610 -0.77301 0.24277
vn 0.51328 -0.83147 0.21261
vn 0.43551 -0.88192 0.18040
vn 0.35355 -0.92388 0.14645
vn 0.26819 -0.95694 0.11109
vn 0.18024 -0.98079 0.07466
vn 0.09056 -0.99518 0.03751
vn 0.00000 -0.00000 0.00000
vn 0.86498 -0.04907 0.49940
vn 0.86186 -0.09802 0.49759
vn 0.84938 -0.19509 0.49039
vn 0.82873 -0.29028 0.47847
vn 0.80010 -0.38268 0.46194
vn 0.76377 -0.47140 0.44096
vn 0.72007 -0.55557 0.41573
vn 0.66945 -0.63439 0.38651
vn 0.61237 -0.70711 0.35355
vn 0.54940 -0.77301 0.31720
vn 0.48114 -0.83147 0.27779
vn 0.40824 -0.88192 0.23570
vn 0.33141 -0.92388 0.19134
vn 0.25139 -0.95694 0.14514
vn 0.16895 -0.98079 0.09755
vn 0.08489 -0.99518 0.04901
vn 0.00000 -0.00000 0.00000
vn 0.79240 -0.04907 0.60803
vn 0.78953 -0.09802 0.60583
vn 0.77811 -0.19509 0.59706
vn 0.75919 -0.29028 0.58255
vn 0.73296 -0.38268 0.56242
vn 0.69968 -0.47140 0.53688
vn 0.65965 -0.55557 0.50617
vn 0.61327 -0.63439 0.47058
vn 0.56099 -0.70711 0.43046
vn 0.50330 -0.77301 0.38619
vn 0.44076 -0.83147 0.33821
vn 0.37398 -0.88192 0.28697
vn 0.30360 -0.92388 0.23296
vn 0.23030 -0.95694 0.17671
vn 0.15478 -0.98079 0.11876
vn 0.07776 -0.99518 0.05967
vn 0.00000 -0.00000 0.00000
vn 0.70626 -0.04907 0.70626
vn 0.70370 -0.09802 0.70370
vn 0.69352 -0.19509 0.69352
vn 0.67666 -0.29028 0.67666
vn 0.65328 -0.38268 0.65328
vn 0.62361 -0.47140 0.62361
vn 0.58794 -0.55557 0.58794
vn 0.54660 -0.63439 0.54660
vn 0.50000 -0.70711 0.50000
vn 0.44858 -0.77301 0.44858
vn 0.39285 -0.83147 0.39285
vn 0.33333 -0.88192 0.33333
vn 0.27060 -0.92388 0.27060
vn 0.20526 -0.95694 0.20526
vn 0.13795 -0.98079 0.13795
vn 0.06931 -0.99518 0.06931
vn 0.00000 -0.00000 0.00000
vn 0.60803 -0.04907 0.79240
vn 0.60583 -0.09802 0.78953
vn 0.59706 -0.19509 0.77811
vn 0.58255 -0.29028 0.75919
vn 0.56242 -0.38268 0.73296
vn 0.53688 -0.47140 0.69968
vn 0.50617 -0.55557 0.65965
vn 0.47058 -0.63439 0.61327
vn 0.43046 -0.70711 0.56099
vn 0.38619 -0.77301 0.50330
vn 0.33821 -0.83147 0.44076
vn 0.28697 -0.88192 0.37398
vn 0.23296 -0.92388 0.30360
vn 0.17671 -0.95694 0.23030
vn 0.11876 -0.98079 0.15478
vn 0.05967 -0.99518 0.07776
vn 0.00000 -0.00000 0.00000
vn 0.49940 -0.04907 0.86498
vn 0.49759 -0.09802 0.86186
vn 0.49039 -0.19509 0.84938
vn 0.47847 -0.29028 0.82873
vn 0.46194 -0.38268 0.80010
vn 0.44096 -0.47140 0.76377
vn 0.41573 -0.55557 0.72007
vn 0.38651 -0.63439 0.66945
vn 0.35355 -0.70711 0.61237
vn 0.31720 -0.77301 0.54940
vn 0.27779 -0.83147 0.48114
vn 0.23570 -0.88192 0.40824
vn 0.19134 -0.92388 0.33141
vn 0.14514 -0.95694 0.25139
vn 0.09755 -0.98079 0.16895
vn 0.04901 -0.99518 0.08489
vn 0.00000 -0.00000 0.00000
vn 0.38222 -0.04907 0.92277
vn 0.38084 -0.09802 0.91943
vn 0.37533 -0.19509 0.90613
vn 0.36621 -0.29028 0.88410
vn 0.35355 -0.38268 0.85355
vn 0.33750 -0.47140 0.81479
vn 0.31819 -0.55557 0.76818
vn 0.29582 -0.63439 0.71417
vn 0.27060 -0.70711 0.65328
vn 0.24277 -0.77301 0.58610
vn 0.21261 -0.83147 0.51328
vn 0.18040 -0.88192 0.43551
vn 0.14645 -0.92388 0.35355
vn 0.11109 -0.95694 0.26819
vn 0.07466 -0.98079 0.18024
vn 0.03751 -0.99518 0.09056
vn 0.00000 -0.00000 0.00000
vn 0.25851 -0.04907 0.96476
vn 0.25757 -0.09802 0.96127
vn 0.25385 -0.19509 0.94737
vn 0.24767 -0.29028 0.92433
vn 0.23912 -0.38268 0.89240
vn 0.22826 -0.47140 0.85187
vn 0.21520 -0.55557 0.80314
vn 0.20007 -0.63439 0.74667
vn 0.18301 -0.70711 0.68301
vn 0.16419 -0.77301 0.61278
vn 0.14379 -0.83147 0.53664
vn 0.12201 -0.88192 0.45533
vn 0.09905 -0.92388 0.36964
vn 0.07513 -0.95694 0.28039
vn 0.05049 -0.98079 0.18844
vn 0.02537 -0.99518 0.09468
vn 0.00000 -0.00000 0.00000
vn 0.13037 -0.04907 0.99025
vn 0.12990 -0.09802 0.98667
vn 0.12802 -0.19509 0.97239
vn 0.12491 -0.29028 0.94875
vn 0.12059 -0.38268 0.91598
vn 0.11511 -0.47140 0.87438
vn 0.10853 -0.55557 0.82436
vn 0.10090 -0.63439 0.76640
vn 0.09230 -0.70711 0.70106
vn 0.08280 -0.77301 0.62897
vn 0.07252 -0.83147 0.55082
vn 0.06153 -0.88192 0.46736
vn 0.04995 -0.92388 0.37941
vn 0.03789 -0.95694 0.28780
vn 0.02546 -0.98079 0.19342
vn 0.01279 -0.99518 0.09718
vn 0.00000 -0.00000 0.00000
vn 0.00000 -0.04907 0.99880
vn 0.00000 -0.09802 0.99518
vn 0.00000 -0.19509 0.98079
vn 0.00000 -0.29028 0.95694
vn 0.00000 -0.38268 0.92388
vn 0.00000 -0.47140 0.88192
vn 0.00000 -0.55557 0.83147
vn 0.00000 -0.63439 0.77301
vn 0.00000 -0.70711 0.70711
vn 0.00000 -0.77301 0.63439
vn 0.00000 -0.83147 0.55557
vn 0.00000 -0.88192 0.47140
vn 0.00000 -0.92388 0.38268
vn 0.00000 -0.95694 0.29028
vn 0.00000 -0.98079 0.19509
vn 0.00000 -0.99518 0.09802
vn 0.00000 -0.00000 0.00000
vn -0.13037 -0.04907 0.99025
vn -0.12990 -0.09802 0.98667
vn -0.12802 -0.19509 0.97239
vn -0.12491 -0.29028 0.94875
vn -0.12059 -0.38268 0.91598
vn -0.11511 -0.47140 0.87438
vn -0.10853 -0.55557 0.82436
vn -0.10090 -0.63439 0.76640
vn -0.09230 -0.70711 0.70106
vn -0.08280 -0.77301 0.62897
vn -0.07252 -0.83147 0.55082
vn -0.06153 -0.88192 0.46736
vn -0.04995 -0.92388 0.37941
vn -0.03789 -0.95694 0.28780
vn -0.02546 -0.98079 0.19342
vn -0.01279 -0.99518 0.09718
vn -0.00000 -0.00000 0.00000
vn -0.25851 -0.04907 0.96476
vn -0.25757 -0.09802 0.96127
vn -0.25385 -0.19509 0.94737
vn -0.24767 -0.29028 0.92433
vn -0.23912 -0.38268 0.89240
vn -0.22826 -0.47140 0.85187
vn -0.21520 -0.55557 0.80314
vn -0.20007 -0.63439 0.74667
vn -0.18301 -0.70711 0.68301
vn -0.16419 -0.77301 0.61278
vn -0.14379 -0.83147 0.53664
vn -0.12201 -0.88192 0.45533
vn -0.09905 -0.92388 0.36964
vn -0.07513 -0.95694 0.28039
vn -0.05049 -0.98079 0.18844
vn -0.02537 -0.99518 0.09468
vn -0.00000 -0.00000 0.00000
vn -0.38222 -0.04907 0.92277
vn -0.38084 -0.09802 0.91943
vn -0.37533 -0.19509 0.90613
vn -0.36621 -0.29028 0.88410
vn -0.35355 -0.38268 0.85355
vn -0.33750 -0.47140 0.81479
vn -0.31819 -0.55557 0.76818
vn -0.29582 -0.63439 0.71417
vn -0.27060 -0.70711 0.65328
vn -0.24277 -0.77301 0.58610
vn -0.21261 -0.83147 0.51328
vn -0.18040 -0.88192 0.43551
vn -0.14645 -0.92388 0.35355
vn -0.11109 -0.95694 0.26819
vn -0.07466 -0.98079 0.18024
vn -0.03751 -0.99518 0.09056
vn -0.00000 -0.00000 0.00000
vn -0.49940 -0.04907 0.86498
vn -0.49759 -0.09802 0.86186
vn -0.49039 -0.19509 0.84938
vn -0.47847 -0.29028 0.82873
vn -0.46194 -0.38268 0.80010
vn -0.44096 -0.47140 0.76377
vn -0.41573 -0.55557 0.72007
vn -0.38651 -0.63439 0.66945
vn -0.35355 -0.70711 0.61237
vn -0.31720 -0.77301 0.54940
vn -0.27779 -0.83147 0.48114
vn -0.23570 -0.88192 0.40824
vn -0.19134 -0.92388 0.33141
vn -0.14514 -0.95694 0.25139
vn -0.09755 -0.98079 0.16895
vn -0.04901 -0.99518 0.08489
vn -0.00000 -0.00000 0.00000
vn -0.60803 -0.04907 0.79240
vn -0.60583 -0.09802 0.78953
vn -0.59706 -0.19509 0.77811
vn -0.58255 -0.29028 0.75919
vn -0.56242 -0.38268 0.73296
vn -0.53688 -0.47140 0.69968
vn -0.50617 -0.55557 0.65965
vn -0.47058 -0.63439 0.61327
vn -0.43046 -0.70711 0.56099
vn -0.38619 -0.77301 0.50330
vn -0.33821 -0.83147 0.44076
vn -0.28697 -0.88192 0.37398
vn -0.23296 -0.92388 0.30360
vn -0.17671 -0.95694 0.23030
vn -0.11876 -0.98079 0.15478
vn -0.05967 -0.99518 0.07776
vn -0.00000 -0.00000 0.00000
vn -0.70626 -0.04907 0.70626
vn -0.70370 -0.09802 0.70370
vn -0.69352 -0.19509 0.69352
vn -0.67666 -0.29028 0.67666
vn -0.65328 -0.38268 0.65328
vn -0.62361 -0.47140 0.62361
vn -0.58794 -0.55557 0.58794
vn -0.54660 -0.63439 0.54660
vn -0.50000 -0.70711 0.50000
vn -0.44858 -0.77301 0.44858
vn -0.39285 -0.83147 0.39285
vn -0.33333 -0.88192 0.33333
vn -0.27060 -0.92388 0.27060
vn -0.20526 -0.95694 0.20526
vn -0.13795 -0.98079 0.13795
vn -0.06931 -0.99518 0.06931
vn -0.00000 -0.00000 0.00000
vn -0.79240 -0.04907 0.60803
vn -0.78953 -0.09802 0.60583
vn -0.77811 -0.19509 0.59706
vn -0.75919 -0.29028 0.58255
vn -0.73296 -0.38268 0.56242
vn -0.69968 -0.47140 0.53688
vn -0.65965 -0.55557 0.50617
vn -0.61327 -0.63439 0.47058
vn -0.56099 -0.70711 0.43046
vn -0.50330 -0.77301 0.38619
vn -0.44076 -0.83147 0.33821
vn -0.37398 -0.88192 0.28697
vn -0.30360 -0.92388 0.23296
vn -0.23030 -0.95694 0.17671
vn -0.15478 -0.98079 0.11876
vn -0.07776 -0.99518 0.05967
vn -0.00000 -0.00000 0.00000
vn -0.86498 -0.04907 0.49940
vn -0.86186 -0.09802 0.49759
vn -0.84938 -0.19509 0.49039
vn -0.82873 -0.29028 0.47847
vn -0.80010 -0.38268 0.46194
vn -0.76377 -0.47140 0.44096
vn -0.72007 -0.55557 0.41573
vn -0.66945 -0.63439 0.38651
vn -0.61237 -0.70711 0.35355
vn -0.54940 -0.77301 0.31720
vn -0.48114 -0.83147 0.27779
vn -0.40824 -0.88192 0.23570
vn -0.33141 -0.92388 0.19134
vn -0.25139 -0.95694 0.14514
vn -0.16895 -0.98079 0.09755
vn -0.08489 -0.99518 0.04901
vn -0.00000 -0.00000 0.00000
vn -0.92277 -0.04907 0.38222
vn -0.91943 -0.09802 0.38084
vn -0.90613 -0.19509 0.37533
vn -0.88410 -0.29028 0.36621
vn -0.85355 -0.38268 0.35355
vn -0.81479 -0.47140 0.33750
vn -0.76818 -0.55557 0.31819
vn -0.71417 -0.63439 0.29582
vn -0.65328 -0.70711 0.27060
vn -0.58610 -0.77301 0.24277
vn -0.51328 -0.83147 0.21261
vn -0.43551 -0.88192 0.18040
vn -0.35355 -0.92388 0.14645
vn -0.26819 -0.95694 0.11109
vn -0.18024 -0.98079 0.07466
vn -0.09056 -0.99518 0.03751
vn -0.00000 -0.00000 0.00000
vn -0.96476 -0.04907 0.25851
vn -0.96127 -0.09802 0.25757
vn -0.94737 -0.19509 0.25385
vn -0.92433 -0.29028 0.24767
vn -0.89240 -0.38268 0.23912
vn -0.85187 -0.47140 0.22826
vn -0.80314 -0.55557 0.21520
vn -0.74667 -0.63439 0.20007
vn -0.68301 -0.70711 0.18301
vn -0.61278 -0.77301 0.16419
vn -0.53664 -0.83147 0.14379
vn -0.45533 -0.88192 0.12201
vn -0.36964 -0.92388 0.09905
vn -0.28039 -0.95694 0.07513
vn -0.18844 -0.98079 0.05049
vn -0.09468 -0.99518 0.02537
vn -0.00000 -0.00000 0.00000
vn -0.99025 -0.04907 0.13037
vn -0.98667 -0.09802 0.12990
vn -0.97239 -0.19509 0.12802
vn -0.94875 -0.29028 0.12491
vn -0.91598 -0.38268 0.12059
vn -0.87438 -0.47140 0.11511
vn -0.82436 -0.55557 0.10853
vn -0.76640 -0.63439 0.10090
vn -0.70106 -0.70711 0.09230
vn -0.62897 -0.77301 0.08280
vn -0.55082 -0.83147 0.07252
vn -0.46736 -0.88192 0.06153
vn -0.37941 -0.92388 0.04995
vn -0.28780 -0.95694 0.03789
vn -0.19342 -0.98079 0.02546
vn -0.09718 -0.99518 0.01279
vn -0.00000 -0.00000 0.00000
vn -0.99666 -0.04896 0.06532
vn -0.99307 -0.09781 0.06509
vn -0.97877 -0.19469 0.06415
vn -0.95506 -0.28972 0.06260
vn -0.92219 -0.38198 0.06044
vn -0.88045 -0.47061 0.05771
vn -0.83024 -0.55475 0.05442
vn -0.77202 -0.63358 0.05060
vn -0.70635 -0.70635 0.04630
vn -0.63385 -0.77234 0.04154
vn -0.55520 -0.83092 0.03639
vn -0.47117 -0.88150 0.03088
vn -0.38256 -0.92359 0.02507
vn -0.29023 -0.95677 0.01902
vn -0.19507 -0.98071 0.01279
vn -0.09802 -0.99516 0.00642
vn -0.00000 -0.00000 0.00000
f 1/1/1 18/18/18 2/2/2
f 18/18/18 19/19/19 2/2/2
f 2/2/2 19/19/19 3/3/3
f 19/19/19 20/20/20 3/3/3
f 3/3/3 20/20/20 4/4/4
f 20/20/20 21/21/21 4/4/4
f 4/4/4 21/21/21 5/5/5
f 21/21/21 22/22/22 5/5/5
f 5/5/5 22/22/22 6/6/6
f 22/22/22 23/23/23 6/6/6
f 6/6/6 23/23/23 7/7/7
f 23/23/23 24/24/24 7/7/7
f 7/7/7 24/24/24 8/8/8
f 24/24/24 25/25/25 8/8/8
f 8/8/8 25/25/25 9/9/9
f 25/25/25 26/26/26 9/9/9
f 9/9/9 26/26/26 10/10/10
f 26/26/26 27/27/27 10/10/10
f 10/10/10 27/27/27 11/11/11
f 27/27/27 28/28/28 11/11/11
f 11/11/11 28/28/28 12/12/12
f 28/28/28 29/29/29 12/12/12
f 12/12/12 29/29/29 13/13/13
f 29/29/29 30/30/30 13/13/13
f 13/13/13 30/30/30 14/14/14
f 30/30/30 31/31/31 14/14/14
f 14/14/14 31/31/31 15/15/15
f 31/31/31 32/32/32 15/15/15
f 15/15/15 32/32/32 16/16/16
f 32/32/32 33/33/33 16/16/16
f 16/16/16 33/33/33 17/17/17
f 33/33/33 34/34/34 17/17/17
f 18/18/18 35/35/35 19/19/19
f 35/35/35 36/36/36 19/19/19
f 19/19/19 36/36/36 20/20/20
f 36/36/36 37/37/37 20/20/20
f 20/20/20 37/37/37 21/21/21
f 37/37/37 38/38/38 21/21/21
f 21/21/21 38/38/38 22/22/22
f 38/38/38 39/39/39 22/22/22
f 22/22/22 39/39/39 23/23/23
f 39/39/39 40/40/40 23/23/23
f 23/23/23 40/40/40 24/24/24
f 40/40/40 41/41/41 24/24/24
f 24/24/24 41/41/41 25/25/25
f 41/41/41 42/42/42 25/25/25
f 25/25/25 42/42/42 26/26/26
f 42/42/42 43/43/43 26/26/26
f 26/26/26 43/43/43 27/27/27
f 43/43/43 44/44/44 27/27/27
f 27/27/27 44/44/44 28/28/28
f 44/44/44 45/45/45 28/28/28
f 28/28/28 45/45/45 29/29/29
f 45/45/45 46/46/46 29/29/29
f 29/29/29 46/46/46 30/30/30
f 46/46/46 47/47/47 30/30/30
f 30/30/30 47/47/47 31/31/31
f 47/47/47 48/48/48 31/31/31
f 31/31/31 48/48/48 32/32/32
f 48/48/48 49/49/49 32/32/32
f 32/32/32 49/49/49 33/33/33
f 49/49/49 50/50/50 33/33/33
f 33/33/33 50/50/50 34/34/34
f 50/50/50 51/51/51 34/34/34
f 35/35/35 52/52/52 36/36/36
f 52/52/52 53/53/53 36/36/36
f 36/36/36 53/53/53 37/37/37
f 53/53/53 54/54/54 37/37/37
f 37/37/37 54/54/54 38/38/38
f 54/54/54 55/55/55 38/38/38
f 38/38/38 55/55/55 39/39/39
f 55/55/55 56/56/56 39/39/39
f 39/39/39 56/56/56 40/40/40
f 56/56/56 57/57/57 40/40/40
f 40/40/40 57/57/57 41/41/41
f 57/57/57 58/58/58 41/41/41
f 41/41/41 58/58/58 42/42/42
f 58/58/58 59/59/59 42/42/42
f 42/42/42 59/59/59 43/43/43
f 59/59/59 60/60/60 43/43/43
f 43/43/43 60/60/60 44/44/44
f 60/60/60 61/61/61 44/44/44
f 44/44/44 61/61/61 45/45/45
f 61/61/61 62/62/62 45/45/45
f 45/45/45 62/62/62 46/46/46
f 62/62/62 63/63/63 46/46/46
f 46/46/46 63/63/63 47/47/47
f 63/63/63 64/64/64 47/47/47
f 47/47/47 64/64/64 48/48/48
f 64/64/64 65/65/65 48/48/48
f 48/48/48 65/65/65 49/49/49
f 65/65/65 66/66/66 49/49/49
f 49/49/49 66/66/66 50/50/50
f 66/66/66 67/67/67 50/50/50
f 50/50/50 67/67/67 51/51/51
f 67/67/67 68/68/68 51/51/51
f 52/52/52 69/69/69 53/53/53
f 69/69/69 70/70/70 53/53/53
f 53/53/53 70/70/70 54/54/54
f 70/70/70 71/71/71 54/54/54
f 54/54/54 71/71/71 55/55/55
f 71/71/71 72/72/72 55/55/55
f 55/55/55 72/72/72 56/56/56
f 72/72/72 73/73/73 56/56/56
f 56/56/56 73/73/73 57/57/57
f 73/73/73 74/74/74 57/57/57
f 57/57/57 74/74/74 58/58/58
f 74/74/74 75/75/75 58/58/58
f 58/58/58 75/75/75 59/59/59
f 75/75/75 76/76/76 59/59/59
f 59/59/59 76/76/76 60/60/60
f 76/76/76 77/77/77 60/60/60
f 60/60/60 77/77/77 61/61/61
f 77/77/77 78/78/78 61/61/61
f 61/61/61 78/78/78 62/62/62
f 78/78/78 79/79/79 62/62/62
f 62/62/62 79/79/79 63/63/63
f 79/79/79 80/80/80 63/63/63
f 63/63/63 80/80/80 64/64/64
f 80/80/80 81/81/81 64/64/64
f 64/64/64 81/81/81 65/65/65
f 81/81/81 82/82/82 65/65/65
f 65/65/65 82/82/82 66/66/66
f 82/82/82 83/83/83 66/66/66
f 66/66/66 83/83/83 67/67/67
f 83/83/83 84/84/84 67/67/67
f 67/67/67 84/84/84 68/68/68
f 84/84/84 85/85/85 68/68/68
f 69/69/69 86/86/86 70/70/70
f 86/86/86 87/87/87 70/70/70
f 70/70/70 87/87/87 71/71/71
f 87/87/87 88/88/88 71/71/71
f 71/71/71 88/88/88 72/72/72
f 88/88/88 89/89/89 72/72/72
f 72/72/72 89/89/89 73/73/73
f 89/89/89 90/90/90 73/73/73
f 73/73/73 90/90/90 74/74/74
f 90/90/90 91/91/91 74/74/74
f 74/74/74 91/91/91 75/75/75
f 91/91/91 92/92/92 75/75/75
f 75/75/75 92/92/92 76/76/76
f 92/92/92 93/93/93 76/76/76
f 76/76/76 93/93/93 77/77/77
f 93/93/93 94/94/94 77/77/77
f 77/77/77 94/94/94 78/78/78
f 94/94/94 95/95/95 78/78/78
f 78/78/78 95/95/95 79/79/79
f 95/95/95 96/96/96 79/79/79
f 79/79/79 96/96/96 80/80/80
f 96/96/96 97/97/97 80/80/80
f 80/80/80 97/97/97 81/81/81
f 97/97/97 98/98/98 81/81/81
f 81/81/81 98/98/98 82/82/82
f 98/98/98 99/99/99 82/82/82
f 82/82/82 99/99/99 83/83/83
f 99/99/99 100/100/100 83/83/83
f 83/83/83 100/100/100 84/84/84
f 100/100/100 101/101/101 84/84/84
f 84/84/84 101/101/101 85/85/85
f 101/101/101 102/102/102 85/85/85
f 86/86/86 103/103/103 87/87/87
f 103/103/103 104/104/104 87/87/87
f 87/87/87 104/104/104 88/88/88
f 104/104/104 105/105/105 88/88/88
f 88/88/88 105/105/105 89/89/89
f 105/105/105 106/106/106 89/89/89
f 89/89/89 106/106/106 90/90/90
f 106/106/106 107/107/107 90/90/90
f 90/90/90 107/107/107 91/91/91
f 107/107/107 108/108/108 91/91/91
f 91/91/91 108/108/108 92/92/92
f 108/108/108 109/109/109 92/92/92
f 92/92/92 109/109/109 93/93/93
f 109/109/109 110/110/110 93/93/93
f 93/93/93 110/110/110 94/94/94
f 110/110/110 111/111/111 94/94/94
f 94/94/94 111/111/111 95/95/95
f 111/111/111 112/112/112 95/95/95
f 95/95/95 112/112/112 96/96/96
f 112/112/112 113/113/113 96/96/96
f 96/96/96 113/113/113 97/97/97
f 113/113/113 114/114/114 97/97/97
f 97/97/97 114/114/114 98/98/98
f 114/114/114 115/115/115 98/98/98
f 98/98/98 115/115/115 99/99/99
f 115/115/115 116/116/116 99/99/99
f 99/99/99 116/116/116 100/100/100
f 116/116/116 117/117/117 100/100/100
f 100/100/100 117/117/117 101/101/101
f 117/117/117 118/118/118 101/101/101
f 101/101/101 118/118/118 102/102/102
f 118/118/118 119/119/119 102/102/102
f 103/103/103 120/120/120 104/104/104
f 120/120/120 121/121/121 104/104/104
f 104/104/104 121/121/121 105/105/105
f 121/121/121 122/122/122 105/105/105
f 105/105/105 122/122/122 106/106/106
f 122/122/122 123/123/123 106/106/106
f 106/106/106 123/123/123 107/107/107
f 123/123/123 124/124/124 107/107/107
f 107/107/107 124/124/124 108/108/108
f 124/124/124 125/125/125 108/108/108
f 108/108/108 125/125/125 109/109/109
f 125/125/125 126/126/126 109/109/109
f 109/109/109 126/126/126 110/110/110
f 126/126/126 127/127/127 110/110/110
f 110/110/110 127/127/127 111/111/111
f 127/127/127 128/128/128 111/111/111
f 111/111/111 128/128/128 112/112/112
f 128/128/128 129/129/129 112/112/112
f 112/112/112 129/129/129 113/113/113
f 129/129/129 130/130/130 113/113/113
f 113/113/113 130/130/130 114/114/114
f 130/130/130 131/131/131 114/114/114
f 114/114/114 131/131/131 115/115/115
f 131/131/131 132/132/132 115/115/115
f 115/115/115 132/132/132 116/116/116
f 132/132/132 133/133/133 116/116/116
f 116/116/116 133/133/133 117/117/117
f 133/133/133 134/134/134 117/117/117
f 117/117/117 134/134/134 118/118/118
f 134/134/134 135/135/135 118/118/118
f 118/118/118 135/135/135 119/119/119
f 135/135/135 136/136/136 119/119/119
f 120/120/120 137/137/137 121/121/121
f 137/137/137 138/138/138 121/121/121
f 121/121/121 138/138/138 122/122/122
f 138/138/138 139/139/139 122/122/122
f 122/122/122 139/139/139 123/123/123
f 139/139/139 140/140/140 123/123/123
f 123/123/123 140/140/140 124/124/124
f 140/140/140 141/141/141 124/124/124
f 124/124/124 141/141/141 125/125/125
f 141/141/141 142/142/142 125/125/125
f 125/125/125 142/142/142 126/126/126
f 142/142/142 143/143/143 126/126/126
f 126/126/126 143/143/143 127/127/127
f 143/143/143 144/144/144 127/127/127
f 127/127/127 144/144/144 128/128/128
f 144/144/144 145/145/145 128/128/128
f 128/128/128 145/145/145 129/129/129
f 145/145/145 146/146/146 129/129/129
f 129/129/129 146/146/146 130/130/130
f 146/146/146 147/147/147 130/130/130
f 130/130/130 147/147/147 131/131/131
f 147/147/147 148/148/148 131/131/131
f 131/131/131 148/148/148 132/132/132
f 148/148/148 149/149/149 132/132/132
f 132/132/132 149/149/149 133/133/133
f 149/149/149 150/150/150 133/133/133
f 133/133/133 150/150/150 134/134/134
f 150/150/150 151/151/151 134/134/134
f 134/134/134 151/151/151 135/135/135
f 151/151/151 152/152/152 135/135/135
f 135/135/135 152/152/152 136/136/136
f 152/152/152 153/153/153 136/136/136
f 137/137/137 154/154/154 138/138/138
f 154/154/154 155/155/155 138/138/138
f 138/138/138 155/155/155 139/139/139
f 155/155/155 156/156/156 139/139/139
f 139/139/139 156/156/156 140/140/140
f 156/156/156 157/157/157 140/140/140
f 140/140/140 157/157/157 141/141/141
f 157/157/157 158/158/158 141/141/141
f 141/141/141 158/158/158 142/142/142
f 158/158/158 159/159/159 142/142/142
f 142/142/142 159/159/159 143/143/143
f 159/159/159 160/160/160 143/143/143
f 143/143/143 160/160/160 144/144/144
f 160/160/160 161/161/161 144/144/144
f 144/144/144 161/161/161 145/145/145
f 161/161/161 162/162/162 145/145/145
f 145/145/145 162/162/162 146/146/146
f 162/162/162 163/163/163 146/146/146
f 146/146/146 163/163/163 147/147/147
f 163/163/163 164/164/164 147/147/147
f 147/147/147 164/164/164 148/148/148
f 164/164/164 165/165/165 148/148/148
f 148/148/148 165/165/165 149/149/149
f 165/165/165 166/166/166 149/149/149
f 149/149/149 166/166/166 150/150/150
f 166/166/166 167/167/167 150/150/150
f 150/150/150 167/167/167 151/151/151
f 167/167/167 168/168/168 151/151/151
f 151/151/151 168/168/168 152/152/152
f 168/168/168 169/169/169 152/152/152
f 152/152/152 169/169/169 153/153/153
f 169/169/169 170/170/170 153/153/153
f 154/154/154 171/171/171 155/155/155
f 171/171/171 172/172/172 155/155/155
f 155/155/155 172/172/172 156/156/156
f 172/172/172 173/173/173 156/156/156
f 156/156/156 173/173/173 157/157/157
f 173/173/173 174/174/174 157/157/157
f 157/157/157 174/174/174 158/158/158
f 174/174/174 175/175/175 158/158/158
f 158/158/158 175/175/175 159/159/159
f 175/175/175 176/176/176 159/159/159
f 159/159/159 176/176/176 160/160/160
f 176/176/176 177/177/177 160/160/160
f 160/160/160 177/177/177 161/161/161
f 177/177/177 178/178/178 161/161/161
f 161/161/161 178/178/178 162/162/162
f 178/178/178 179/179/179 162/162/162
f 162/162/162 179/179/179 163/163/163
f 179/179/179 180/180/180 163/163/163
f 163/163/163 180/180/180 164/164/164
f 180/180/180 181/181/181 164/164/164
f 164/164/164 181/181/181 165/165/165
f 181/181/181 182/182/182 165/165/165
f 165/165/165 182/182/182 166/166/166
f 182/182/182 183/183/183 166/166/166
f 166/166/166 183/183/183 167/167/167
f 183/183/183 184/184/184 167/167/167
f 167/167/167 184/184/184 168/168/168
f 184/184/184 185/185/185 168/168/168
f 168/168/168 185/185/185 169/169/169
f 185/185/185 186/186/186 169/169/169
f 169/169/169 186/186/186 170/170/170
f 186/186/186 187/187/187 170/170/170
f 171/171/171 188/188/188 172/172/172
f 188/188/188 189/189/189 172/172/172
f 172/172/172 189/189/189 173/173/173
f 189/189/189 190/190/190 173/173/173
f 173/173/173 190/190/190 174/174/174
f 190/190/190 191/191/191 174/174/174
f 174/174/174 191/191/191 175/175/175
f 191/191/191 192/192/192 175/175/175
f 175/175/175 192/192/192 176/176/176
f 192/192/192 193/193/193 176/176/176
f 176/176/176 193/193/193 177/177/177
f 193/193/193 194/194/194 177/177/177
f 177/177/177 194/194/194 178/178/178
f 194/194/194 195/195/195 178/178/178
f 178/178/178 195/195/195 179/179/179
f 195/195/195 196/196/196 179/179/179
f 179/179/179 196/196/196 180/180/180
f 196/196/196 197/197/197 180/180/180
f 180/180/180 197/197/197 181/181/181
f 197/197/197 198/198/198 181/181/181
f 181/181/181 198/198/198 182/182/182
f 198/198/198 199/199/199 182/182/182
f 182/182/182 199/199/199 183/183/183
f 199/199/199 200/200/200 183/183/183
f 183/183/183 200/200/200 184/184/184
f 200/200/200 201/201/201 184/184/184
f 184/184/184 201/201/201 185/185/185
f 201/201/201 202/202/202 185/185/185
f 185/185/185 202/202/202 186/186/186
f 202/202/202 203/203/203 186/186/186
f 186/186/186 203/203/203 187/187/187
f 203/203/203 204/204/204 187/187/187
f 188/188/188 205/205/205 189/189/189
f 205/205/205 206/206/206 189/189/189
f 189/189/189 206/206/206 190/190/190
f 206/206/206 207/207/207 190/190/190
f 190/190/190 207/207/207 191/191/191
f 207/207/207 208/208/208 191/191/191
f 191/191/191 208/208/208 192/192/192
f 208/208/208 209/209/209 192/192/192
f 192/192/192 209/209/209 193/193/193
f 209/209/209 210/210/210 193/193/193
f 193/193/193 210/210/210 194/194/194
f 210/210/210 211/211/211 194/194/194
f 194/194/194 211/211/211 195/195/195
f 211/211/211 212/212/212 195/195/195
f 195/195/195 212/212/212 196/196/196
f 212/212/212 213/213/213 196/196/196
f 196/196/196 213/213/213 197/197/197
f 213/213/213 214/214/214 197/197/197
f 197/197/197 214/214/214 198/198/198
f 214/214/214 215/215/215 198/198/198
f 198/198/198 215/215/215 199/199/199
f 215/215/215 216/216/216 199/199/199
f 199/199/199 216/216/216 200/200/200
f 216/216/216 217/217/217 200/200/200
f 200/200/200 217/217/217 201/201/201
f 217/217/217 218/218/218 201/201/201
f 201/201/201 218/218/218 202/202/202
f 218/218/218 219/219/219 202/202/202
f 202/202/202 219/219/219 203/203/203
f 219/219/219 220/220/220 203/203/203
f 203/203/203 220/220/220 204/204/204
f 220/220/220 221/221/221 204/204/204
f 205/205/205 222/222/222 206/206/206
f 222/222/222 223/223/223 206/206/206
f 206/206/206 223/223/223 207/207/207
f 223/223/223 224/224/224 207/207/207
f 207/207/207 224/224/224 208/208/208
f 224/224/224 225/225/225 208/208/208
f 208/208/208 225/225/225 209/209/209
f 225/225/225 226/226/226 209/209/209
f 209/209/209 226/226/226 210/210/210
f 226/226/226 227/227/227 210/210/210
f 210/210/210 227/227/227 211/211/211
f 227/227/227 228/228/228 211/211/211
f 211/211/211 228/228/228 212/212/212
f 228/228/228 229/229/229 212/212/212
f 212/212/212 229/229/229 213/213/213
f 229/229/229 230/230/230 213/213/213
f 213/213/213 230/230/230 214/214/214
f 230/230/230 231/231/231 214/214/214
f 214/214/214 231/231/231 215/215/215
f 231/231/231 232/232/232 215/215/215
f 215/215/215 232/232/232 216/216/216
f 232/232/232 233/233/233 216/216/216
f 216/216/216 233/233/233 217/217/217
f 233/233/233 234/234/234 217/217/217
f 217/217/217 234/234/234 218/218/218
f 234/234/234 235/235/235 218/218/218
f 218/218/218 235/235/235 219/219/219
f 235/235/235 236/236/236 219/219/219
f 219/219/219 236/236/236 220/220/220
f 236/236/236 237/237/237 220/220/220
f 220/220/220 237/237/237 221/221/221
f 237/237/237 238/238/238 221/221/221
f 222/222/222 239/239/239 223/223/223
f 239/239/239 240/240/240 223/223/223
f 223/223/223 240/240/240 224/224/224
f 240/240/240 241/241/241 224/224/224
f 224/224/224 241/241/241 225/225/225
f 241/241/241 242/242/242 225/225/225
f 225/225/225 242/242/242 226/226/226
f 242/242/242 243/243/243 226/226/226
f 226/226/226 243/243/243 227/227/227
f 243/243/243 244/244/244 227/227/227
f 227/227/227 244/244/244 228/228/228
f 244/244/244 245/245/245 228/228/228
f 228/228/228 245/245/245 229/229/229
f 245/245/245 246/246/246 229/229/229
f 229/229/229 246/246/246 230/230/230
f 246/246/246 247/247/247 230/230/230
f 230/230/230 247/247/247 231/231/231
f 247/247/247 248/248/248 231/231/231
f 231/231/231 248/248/248 232/232/232
f 248/248/248 249/249/249 232/232/232
f 232/232/232 249/249/249 233/233/233
f 249/249/249 250/250/250 233/233/233
f 233/233/233 250/250/250 234/234/234
f 250/250/250 251/251/251 234/234/234
f 234/234/234 251/251/251 235/235/235
f 251/251/251 252/252/252 235/235/235
f 235/235/235 252/252/252 236/236/236
f 252/252/252 253/253/253 236/236/236
f 236/236/236 253/253/253 237/237/237
f 253/253/253 254/254/254 237/237/237
f 237/237/237 254/254/254 238/238/238
f 254/254/254 255/255/255 238/238/238
f 239/239/239 256/256/256 240/240/240
f 256/256/256 257/257/257 240/240/240
f 240/240/240 257/257/257 241/241/241
f 257/257/257 258/258/258 241/241/241
f 241/241/241 258/258/258 242/242/242
f 258/258/258 259/259/259 242/242/242
f 242/242/242 259/259/259 243/243/243
f 259/259/259 260/260/260 243/243/243
f 243/243/243 260/260/260 244/244/244
f 260/260/260 261/261/261 244/244/244
f 244/244/244 261/261/261 245/245/245
f 261/261/261 262/262/262 245/245/245
f 245/245/245 262/262/262 246/246/246
f 262/262/262 263/263/263 246/246/246
f 246/246/246 263/263/263 247/247/247
f 263/263/263 264/264/264 247/247/247
f 247/247/247 264/264/264 248/248/248
f 264/264/264 265/265/265 248/248/248
f 248/248/248 265/265/265 249/249/249
f 265/265/265 266/266/266 249/249/249
f 249/249/249 266/266/266 250/250/250
f 266/266/266 267/267/267 250/250/250
f 250/250/250 267/267/267 251/251/251
f 267/267/267 268/268/268 251/251/251
f 251/251/251 268/268/268 252/252/252
f 268/268/268 269/269/269 252/252/252
f 252/252/252 269/269/269 253/253/253
f 269/269/269 270/270/270 253/253/253
f 253/253/253 270/270/270 254/254/254
f 270/270/270 271/271/271 254/254/254
f 254/254/254 271/271/271 255/255/255
f 271/271/271 272/272/272 255/255/255
f 256/256/256 273/273/273 257/257/257
f 273/273/273 274/274/274 257/257/257
f 257/257/257 274/274/274 258/258/258
f 274/274/274 275/275/275 258/258/258
f 258/258/258 275/275/275 259/259/259
f 275/275/275 276/276/276 259/259/259
f 259/259/259 276/276/276 260/260/260
f 276/276/276 277/277/277 260/260/260
f 260/260/260 277/277/277 261/261/261
f 277/277/277 278/278/278 261/261/261
f 261/261/261 278/278/278 262/262/262
f 278/278/278 279/279/279 262/262/262
f 262/262/262 279/279/279 263/263/263
f 279/279/279 280/280/280 263/263/263
f 263/263/263 280/280/280 264/264/264
f 280/280/280 281/281/281 264/264/264
f 264/264/264 281/281/281 265/265/265
f 281/281/281 282/282/282 265/265/265
f 265/265/265 282/282/282 266/266/266
f 282/282/282 283/283/283 266/266/266
f 266/266/266 283/283/283 267/267/267
f 283/283/283 284/284/284 267/267/267
f 267/267/267 284/284/284 268/268/268
f 284/284/284 285/285/285 268/268/268
f 268/268/268 285/285/285 269/269/269
f 285/285/285 286/286/286 269/269/269
f 269/269/269 286/286/286 270/270/270
f 286/286/286 287/287/287 270/270/270
f 270/270/270 287/287/287 271/271/271
f 287/287/287 288/288/288 271/271/271
f 271/271/271 288/288/288 272/272/272
f 288/288/288 289/289/289 272/272/272
f 273/273/273 290/290/290 274/274/274
f 290/290/290 291/291/291 274/274/274
f 274/274/274 291/291/291 275/275/275
f 291/291/291 292/292/292 275/275/275
f 275/275/275 292/292/292 276/276/276
f 292/292/292 293/293/293 276/276/276
f 276/276/276 293/293/293 277/277/277
f 293/293/293 294/294/294 277/277/277
f 277/277/277 294/294/294 278/278/278
f 294/294/294 295/295/295 278/278/278
f 278/278/278 295/295/295 279/279/279
f 295/295/295 296/296/296 279/279/279
f 279/279/279 296/296/296 280/280/280
f 296/296/296 297/297/297 280/280/280
f 280/280/280 297/297/297 281/281/281
f 297/297/297 298/298/298 281/281/281
f 281/281/281 298/298/298 282/282/282
f 298/298/298 299/299/299 282/282/282
f 282/282/282 299/299/299 283/283/283
f 299/299/299 300/300/300 283/283/283
f 283/283/283 300/300/300 284/284/284
f 300/300/300 301/301/301 284/284/284
f 284/284/284 301/301/301 285/285/285
f 301/301/301 302/302/302 285/285/285
f 285/285/285 302/302/302 286/286/286
f 302/302/302 303/303/303 286/286/286
f 286/286/286 303/303/303 287/287/287
f 303/303/303 304/304/304 287/287/287
f 287/287/287 304/304/304 288/288/288
f 304/304/304 305/305/305 288/288/288
f 288/288/288 305/305/305 289/289/289
f 305/305/305 306/306/306 289/289/289
f 290/290/290 307/307/307 291/291/291
f 307/307/307 308/308/308 291/291/291
f 291/291/291 308/308/308 292/292/292
f 308/308/308 309/309/309 292/292/292
f 292/292/292 309/309/309 293/293/293
f 309/309/309 310/310/310 293/293/293
f 293/293/293 310/310/310 294/294/294
f 310/310/310 311/311/311 294/294/294
f 294/294/294 311/311/311 295/295/295
f 311/311/311 312/312/312 295/295/295
f 295/295/295 312/312/312 296/296/296
f 312/312/312 313/313/313 296/296/296
f 296/296/296 313/313/313 297/297/297
f 313/313/313 314/314/314 297/297/297
f 297/297/297 314/314/314 298/298/298
f 314/314/314 315/315/315 298/298/298
f 298/298/298 315/315/315 299/299/299
f 315/315/315 316/316/316 299/299/299
f 299/299/299 316/316/316 300/300/300
f 316/316/316 317/317/317 300/300/300
f 300/300/300 317/317/317 301/301/301
f 317/317/317 318/318/318 301/301/301
f 301/301/301 318/318/318 302/302/302
f 318/318/318 319/319/319 302/302/302
f 302/302/302 319/319/319 303/303/303
f 319/319/319 320/320/320 303/303/303
f 303/303/303 320/320/320 304/304/304
f 320/320/320 321/321/321 304/304/304
f 304/304/304 321/321/321 305/305/305
f 321/321/321 322/322/322 305/305/305
f 305/305/305 322/322/322 306/306/306
f 322/322/322 323/323/323 306/306/306
f 307/307/307 324/324/324 308/308/308
f 324/324/324 325/325/325 308/308/308
f 308/308/308 325/325/325 309/309/309
f 325/325/325 326/326/326 309/309/309
f 309/309/309 326/326/326 310/310/310
f 326/326/326 327/327/327 310/310/310
f 310/310/310 327/327/327 311/311/311
f 327/327/327 328/328/328 311/311/311
f 311/311/311 328/328/328 312/312/312
f 328/328/328 329/329/329 312/312/312
f 312/312/312 329/329/329 313/313/313
f 329/329/329 330/330/330 313/313/313
f 313/313/313 330/330/330 314/314/314
f 330/330/330 331/331/331 314/314/314
f 314/314/314 331/331/331 315/315/315
f 331/331/331 332/332/332 315/315/315
f 315/315/315 332/332/332 316/316/316
f 332/332/332 333/333/333 316/316/316
f 316/316/316 333/333/333 317/317/317
f 333/333/333 334/334/334 317/317/317
f 317/317/317 334/334/334 318/318/318
f 334/334/334 335/335/335 318/318/318
f 318/318/318 335/335/335 319/319/319
f 335/335/335 336/336/336 319/319/319
f 319/319/319 336/336/336 320/320/320
f 336/336/336 337/337/337 320/320/320
f 320/320/320 337/337/337 321/321/321
f 337/337/337 338/338/338 321/321/321
f 321/321/321 338/338/338 322/322/322
f 338/338/338 339/339/339 322/322/322
f 322/322/322 339/339/339 323/323/323
f 339/339/339 340/340/340 323/323/323
f 324/324/324 341/341/341 325/325/325
f 341/341/341 342/342/342 325/325/325
f 325/325/325 342/342/342 326/326/326
f 342/342/342 343/343/343 326/326/326
f 326/326/326 343/343/343 327/327/327
f 343/343/343 344/344/344 327/327/327
f 327/327/327 344/344/344 328/328/328
f 344/344/344 345/345/345 328/328/328
f 328/328/328 345/345/345 329/329/329
f 345/345/345 346/346/346 329/329/329
f 329/329/329 346/346/346 330/330/330
f 346/346/346 347/347/347 330/330/330
f 330/330/330 347/347/347 331/331/331
f 347/347/347 348/348/348 331/331/331
f 331/331/331 348/348/348 332/332/332
f 348/348/348 349/349/349 332/332/332
f 332/332/332 349/349/349 333/333/333
f 349/349/349 350/350/350 333/333/333
f 333/333/333 350/350/350 334/334/334
f 350/350/350 351/351/351 334/334/334
f 334/334/334 351/351/351 335/335/335
f 351/351/351 352/352/352 335/335/335
f 335/335/335 352/352/352 336/336/336
f 352/352/352 353/353/353 336/336/336
f 336/336/336 353/353/353 337/337/337
f 353/353/353 354/354/354 337/337/337
f 337/337/337 354/354/354 338/338/338
f 354/354/354 355/355/355 338/338/338
f 338/338/338 355/355/355 339/339/339
f 355/355/355 356/356/356 339/339/339
f 339/339/339 356/356/356 340/340/340
f 356/356/356 357/357/357 340/340/340
f 341/341/341 358/358/358 342/342/342
f 358/358/358 359/359/359 342/342/342
f 342/342/342 359/359/359 343/343/343
f 359/359/359 360/360/360 343/343/343
f 343/343/343 360/360/360 344/344/344
f 360/360/360 361/361/361 344/344/344
f 344/344/344 361/361/361 345/345/345
f 361/361/361 362/362/362 345/345/345
f 345/345/345 362/362/362 346/346/346
f 362/362/362 363/363/363 346/346/346
f 346/346/346 363/363/363 347/347/347
f 363/363/363 364/364/364 347/347/347
f 347/347/347 364/364/364 348/348/348
f 364/364/364 365/365/365 348/348/348
f 348/348/348 365/365/365 349/349/349
f 365/365/365 366/366/366 349/349/349
f 349/349/349 366/366/366 350/350/350
f 366/366/366 367/367/367 350/350/350
f 350/350/350 367/367/367 351/351/351
f 367/367/367 368/368/368 351/351/351
f 351/351/351 368/368/368 352/352/352
f 368/368/368 369/369/369 352/352/352
f 352/352/352 369/369/369 353/353/353
f 369/369/369 370/370/370 353/353/353
f 353/353/353 370/370/370 354/354/354
f 370/370/370 371/371/371 354/354/354
f 354/354/354 371/371/371 355/355/355
f 371/371/371 372/372/372 355/355/355
f 355/355/355 372/372/372 356/356/356
f 372/372/372 373/373/373 356/356/356
f 356/356/356 373/373/373 357/357/357
f 373/373/373 374/374/374 357/357/357
f 358/358/358 375/375/375 359/359/359
f 375/375/375 376/376/376 359/359/359
f 359/359/359 376/376/376 360/360/360
f 376/376/376 377/377/377 360/360/360
f 360/360/360 377/377/377 361/361/361
f 377/377/377 378/378/378 361/361/361
f 361/361/361 378/378/378 362/362/362
f 378/378/378 379/379/379 362/362/362
f 362/362/362 379/379/379 363/363/363
f 379/379/379 380/380/380 363/363/363
f 363/363/363 380/380/380 364/364/364
f 380/380/380 381/381/381 364/364/364
f 364/364/364 381/381/381 365/365/365
f 381/381/381 382/382/382 365/365/365
f 365/365/365 382/382/382 366/366/366
f 382/382/382 383/383/383 366/366/366
f 366/366/366 383/383/383 367/367/367
f 383/383/383 384/384/384 367/367/367
f 367/367/367 384/384/384 368/368/368
f 384/384/384 385/385/385 368/368/368
f 368/368/368 385/385/385 369/369/369
f 385/385/385 386/386/386 369/369/369
f 369/369/369 386/386/386 370/370/370
f 386/386/386 387/387/387 370/370/370
f 370/370/370 387/387/387 371/371/371
f 387/387/387 388/388/388 371/371/371
f 371/371/371 388/388/388 372/372/372
f 388/388/388 389/389/389 372/372/372
f 372/372/372 389/389/389 373/373/373
f 389/389/389 390/390/390 373/373/373
f 373/373/373 390/390/390 374/374/374
f 390/390/390 391/391/391 374/374/374
f 375/375/375 392/392/392 376/376/376
f 392/392/392 393/393/393 376/376/376
f 376/376/376 393/393/393 377/377/377
f 393/393/393 394/394/394 377/377/377
f 377/377/377 394/394/394 378/378/378
f 394/394/394 395/395/395 378/378/378
f 378/378/378 395/395/395 379/379/379
f 395/395/395 396/396/396 379/379/379
f 379/379/379 396/396/396 380/380/380
f 396/396/396 397/397/397 380/380/380
f 380/380/380 397/397/397 381/381/381
f 397/397/397 398/398/398 381/381/381
f 381/381/381 398/398/398 382/382/382
f 398/398/398 399/399/399 382/382/382
f 382/382/382 399/399/399 383/383/383
f 399/399/399 400/400/400 383/383/383
f 383/383/383 400/400/400 384/384/384
f 400/400/400 401/401/401 384/384/384
f 384/384/384 401/401/401 385/385/385
f 401/401/401 402/402/402 385/385/385
f 385/385/385 402/402/402 386/386/386
f 402/402/402 403/403/403 386/386/386
f 386/386/386 403/403/403 387/387/387
f 403/403/403 404/404/404 387/387/387
f 387/387/387 404/404/404 388/388/388
f 404/404/404 405/405/405 388/388/388
f 388/388/388 405/405/405 389/389/389
f 405/405/405 406/406/406 389/389/389
f 389/389/389 406/406/406 390/390/390
f 406/406/406 407/407/407 390/390/390
f 390/390/390 407/407/407 391/391/391
f 407/407/407 408/408/408 391/391/391
f 392/392/392 409/409/409 393/393/393
f 409/409/409 410/410/410 393/393/393
f 393/393/393 410/410/410 394/394/394
f 410/410/410 411/411/411 394/394/394
f 394/394/394 411/411/411 395/395/395
f 411/411/411 412/412/412 395/395/395
f 395/395/395 412/412/412 396/396/396
f 412/412/412 413/413/413 396/396/396
f 396/396/396 413/413/413 397/397/397
f 413/413/413 414/414/414 397/397/397
f 397/397/397 414/414/414 398/398/398
f 414/414/414 415/415/415 398/398/398
f 398/398/398 415/415/415 399/399/399
f 415/415/415 416/416/416 399/399/399
f 399/399/399 416/416/416 400/400/400
f 416/416/416 417/417/417 400/400/400
f 400/400/400 417/417/417 401/401/401
f 417/417/417 418/418/418 401/401/401
f 401/401/401 418/418/418 402/402/402
f 418/418/418 419/419/419 402/402/402
f 402/402/402 419/419/419 403/403/403
f 419/419/419 420/420/420 403/403/403
f 403/403/403 420/420/420 404/404/404
f 420/420/420 421/421/421 404/404/404
f 404/404/404 421/421/421 405/405/405
f 421/421/421 422/422/422 405/405/405
f 405/405/405 422/422/422 406/406/406
f 422/422/422 423/423/423 406/406/406
f 406/406/406 423/423/423 407/407/407
f 423/423/423 424/424/424 407/407/407
f 407/407/407 424/424/424 408/408/408
f 424/424/424 425/425/425 408/408/408
f 409/409/409 426/426/426 410/410/410
f 426/426/426 427/427/427 410/410/410
f 410/410/410 427/427/427 411/411/411
f 427/427/427 428/428/428 411/411/411
f 411/411/411 428/428/428 412/412/412
f 428/428/428 429/429/429 412/412/412
f 412/412/412 429/429/429 413/413/413
f 429/429/429 430/430/430 413/413/413
f 413/413/413 430/430/430 414/414/414
f 430/430/430 431/431/431 414/414/414
f 414/414/414 431/431/431 415/415/415
f 431/431/431 432/432/432 415/415/415
f 415/415/415 432/432/432 416/416/416
f 432/432/432 433/433/433 416/416/416
f 416/416/416 433/433/433 417/417/417
f 433/433/433 434/434/434 417/417/417
f 417/417/417 434/434/434 418/418/418
f 434/434/434 435/435/435 418/418/418
f 418/418/418 435/435/435 419/419/419
f 435/435/435 436/436/436 419/419/419
f 419/419/419 436/436/436 420/420/420
f 436/436/436 437/437/437 420/420/420
f 420/420/420 437/437/437 421/421/421
f 437/437/437 438/438/438 421/421/421
f 421/421/421 438/438/438 422/422/422
f 438/438/438 439/439/439 422/422/422
f 422/422/422 439/439/439 423/423/423
f 439/439/439 440/440/440 423/423/423
f 423/423/423 440/440/440 424/424/424
f 440/440/440 441/441/441 424/424/424
f 424/424/424 441/441/441 425/425/425
f 441/441/441 442/442/442 425/425/425
f 426/426/426 443/443/443 427/427/427
f 443/443/443 444/444/444 427/427/427
f 427/427/427 444/444/444 428/428/428
f 444/444/444 445/445/445 428/428/428
f 428/428/428 445/445/445 429/429/429
f 445/445/445 446/446/446 429/429/429
f 429/429/429 446/446/446 430/430/430
f 446/446/446 447/447/447 430/430/430
f 430/430/430 447/447/447 431/431/431
f 447/447/447 448/448/448 431/431/431
f 431/431/431 448/448/448 432/432/432
f 448/448/448 449/449/449 432/432/432
f 432/432/432 449/449/449 433/433/433
f 449/449/449 450/450/450 433/433/433
f 433/433/433 450/450/450 434/434/434
f 450/450/450 451/451/451 434/434/434
f 434/434/434 451/451/451 435/435/435
f 451/451/451 452/452/452 435/435/435
f 435/435/435 452/452/452 436/436/436
f 452/452/452 453/453/453 436/436/436
f 436/436/436 453/453/453 437/437/437
f 453/453/453 454/454/454 437/437/437
f 437/437/437 454/454/454 438/438/438
f 454/454/454 455/455/455 438/438/438
f 438/438/438 455/455/455 439/439/439
f 455/455/455 456/456/456 439/439/439
f 439/439/439 456/456/456 440/440/440
f 456/456/456 457/457/457 440/440/440
f 440/440/440 457/457/457 441/441/441
f 457/457/457 458/458/458 441/441/441
f 441/441/441 458/458/458 442/442/442
f 458/458/458 459/459/459 442/442/442
f 443/443/443 460/460/460 444/444/444
f 460/460/460 461/461/461 444/444/444
f 444/444/444 461/461/461 445/445/445
f 461/461/461 462/462/462 445/445/445
f 445/445/445 462/462/462 446/446/446
f 462/462/462 463/463/463 446/446/446
f 446/446/446 463/463/463 447/447/447
f 463/463/463 464/464/464 447/447/447
f 447/447/447 464/464/464 448/448/448
f 464/464/464 465/465/465 448/448/448
f 448/448/448 465/465/465 449/449/449
f 465/465/465 466/466/466 449/449/449
f 449/449/449 466/466/466 450/450/450
f 466/466/466 467/467/467 450/450/450
f 450/450/450 467/467/467 451/451/451
f 467/467/467 468/468/468 451/451/451
f 451/451/451 468/468/468 452/452/452
f 468/468/468 469/469/469 452/452/452
f 452/452/452 469/469/469 453/453/453
f 469/469/469 470/470/470 453/453/453
f 453/453/453 470/470/470 454/454/454
f 470/470/470 471/471/471 454/454/454
f 454/454/454 471/471/471 455/455/455
f 471/471/471 472/472/472 455/455/455
f 455/455/455 472/472/472 456/456/456
f 472/472/472 473/473/473 456/456/456
f 456/456/456 473/473/473 457/457/457
f 473/473/473 474/474/474 457/457/457
f 457/457/457 474/474/474 458/458/458
f 474/474/474 475/475/475 458/458/458
f 458/458/458 475/475/475 459/459/459
f 475/475/475 476/476/476 459/459/459
f 460/460/460 477/477/477 461/461/461
f 477/477/477 478/478/478 461/461/461
f 461/461/461 478/478/478 462/462/462
f 478/478/478 479/479/479 462/462/462
f 462/462/462 479/479/479 463/463/463
f 479/479/479 480/480/480 463/463/463
f 463/463/463 480/480/480 464/464/464
f 480/480/480 481/481/481 464/464/464
f 464/464/464 481/481/481 465/465/465
f 481/481/481 482/482/482 465/465/465
f 465/465/465 482/482/482 466/466/466
f 482/482/482 483/483/483 466/466/466
f 466/466/466 483/483/483 467/467/467
f 483/483/483 484/484/484 467/467/467
f 467/467/467 484/484/484 468/468/468
f 484/484/484 485/485/485 468/468/468
f 468/468/468 485/485/485 469/469/469
f 485/485/485 486/486/486 469/469/469
f 469/469/469 486/486/486 470/470/470
f 486/486/486 487/487/487 470/470/470
f 470/470/470 487/487/487 471/471/471
f 487/487/487 488/488/488 471/471/471
f 471/471/471 488/488/488 472/472/472
f 488/488/488 489/489/489 472/472/472
f 472/472/472 489/489/489 473/473/473
f 489/489/489 490/490/490 473/473/473
f 473/473/473 490/490/490 474/474/474
f 490/490/490 491/491/491 474/474/474
f 474/474/474 491/491/491 475/475/475
f 491/491/491 492/492/492 475/475/475
f 475/475/475 492/492/492 476/476/476
f 492/492/492 493/493/493 476/476/476
f 477/477/477 494/494/494 478/478/478
f 494/494/494 495/495/495 478/478/478
f 478/478/478 495/495/495 479/479/479
f 495/495/495 496/496/496 479/479/479
f 479/479/479 496/496/496 480/480/480
f 496/496/496 497/497/497 480/480/480
f 480/480/480 497/497/497 481/481/481
f 497/497/497 498/498/498 481/481/481
f 481/481/481 498/498/498 482/482/482
f 498/498/498 499/499/499 482/482/482
f 482/482/482 499/499/499 483/483/483
f 499/499/499 500/500/500 483/483/483
f 483/483/483 500/500/500 484/484/484
f 500/500/500 501/501/501 484/484/484
f 484/484/484 501/501/501 485/485/485
f 501/501/501 502/502/502 485/485/485
f 485/485/485 502/502/502 486/486/486
f 502/502/502 503/503/503 486/486/486
f 486/486/486 503/503/503 487/487/487
f 503/503/503 504/504/504 487/487/487
f 487/487/487 504/504/504 488/488/488
f 504/504/504 505/505/505 488/488/488
f 488/488/488 505/505/505 489/489/489
f 505/505/505 506/506/506 489/489/489
f 489/489/489 506/506/506 490/490/490
f 506/506/506 507/507/507 490/490/490
f 490/490/490 507/507/507 491/491/491
f 507/507/507 508/508/508 491/491/491
f 491/491/491 508/508/508 492/492/492
f 508/508/508 509/509/509 492/492/492
f 492/492/492 509/509/509 493/493/493
f 509/509/509 510/510/510 493/493/493
f 494/494/494 511/511/511 495/495/495
f 511/511/511 512/512/512 495/495/495
f 495/495/495 512/512/512 496/496/496
f 512/512/512 513/513/513 496/496/496
f 496/496/496 513/513/513 497/497/497
f 513/513/513 514/514/514 497/497/497
f 497/497/497 514/514/514 498/498/498
f 514/514/514 515/515/515 498/498/498
f 498/498/498 515/515/515 499/499/499
f 515/515/515 516/516/516 499/499/499
f 499/499/499 516/516/516 500/500/500
f 516/516/516 517/517/517 500/500/500
f 500/500/500 517/517/517 501/501/501
f 517/517/517 518/518/518 501/501/501
f 501/501/501 518/518/518 502/502/502
f 518/518/518 519/519/519 502/502/502
f 502/502/502 519/519/519 503/503/503
f 519/519/519 520/520/520 503/503/503
f 503/503/503 520/520/520 504/504/504
f 520/520/520 521/521/521 504/504/504
f 504/504/504 521/521/521 505/505/505
f 521/521/521 522/522/522 505/505/505
f 505/505/505 522/522/522 506/506/506
f 522/522/522 523/523/523 506/506/506
f 506/506/506 523/523/523 507/507/507
f 523/523/523 524/524/524 507/507/507
f 507/507/507 524/524/524 508/508/508
f 524/524/524 525/525/525 508/508/508
f 508/508/508 525/525/525 509/509/509
f 525/525/525 526/526/526 509/509/509
f 509/509/509 526/526/526 510/510/510
f 526/526/526 527/527/527 510/510/510
f 511/511/511 528/528/528 512/512/512
f 528/528/528 529/529/529 512/512/512
f 512/512/512 529/529/529 513/513/513
f 529/529/529 530/530/530 513/513/513
f 513/513/513 530/530/530 514/514/514
f 530/530/530 531/531/531 514/514/514
f 514/514/514 531/531/531 515/515/515
f 531/531/531 532/532/532 515/515/515
f 515/515/515 532/532/532 516/516/516
f 532/532/532 533/533/533 516/516/516
f 516/516/516 533/533/533 517/517/517
f 533/533/533 534/534/534 517/517/517
f 517/517/517 534/534/534 518/518/518
f 534/534/534 535/535/535 518/518/518
f 518/518/518 535/535/535 519/519/519
f 535/535/535 536/536/536 519/519/519
f 519/519/519 536/536/536 520/520/520
f 536/536/536 537/537/537 520/520/520
f 520/520/520 537/537/537 521/521/521
f 537/537/537 538/538/538 521/521/521
f 521/521/521 538/538/538 522/522/522
f 538/538/538 539/539/539 522/522/522
f 522/522/522 539/539/539 523/523/523
f 539/539/539 540/540/540 523/523/523
f 523/523/523 540/540/540 524/524/524
f 540/540/540 541/541/541 524/524/524
f 524/524/524 541/541/541 525/525/525
f 541/541/541 542/542/542 525/525/525
f 525/525/525 542/542/542 526/526/526
f 542/542/542 543/543/543 526/526/526
f 526/526/526 543/543/543 527/527/527
f 543/543/543 544/544/544 527/527/527
f 528/528/528 545/545/545 529/529/529
f 545/545/545 546/546/546 529/529/529
f 529/529/529 546/546/546 530/530/530
f 546/546/546 547/547/547 530/530/530
f 530/530/530 547/547/547 531/531/531
f 547/547/547 548/548/548 531/531/531
f 531/531/531 548/548/548 532/532/532
f 548/548/548 549/549/549 532/532/532
f 532/532/532 549/549/549 533/533/533
f 549/549/549 550/550/550 533/533/533
f 533/533/533 550/550/550 534/534/534
f 550/550/550 551/551/551 534/534/534
f 534/534/534 551/551/551 535/535/535
f 551/551/551 552/552/552 535/535/535
f 535/535/535 552/552/552 536/536/536
f 552/552/552 553/553/553 536/536/536
f 536/536/536 553/553/553 537/537/537
f 553/553/553 554/554/554 537/537/537
f 537/537/537 554/554/554 538/538/538
f 554/554/554 555/555/555 538/538/538
f 538/538/538 555/555/555 539/539/539
f 555/555/555 556/556/556 539/539/539
f 539/539/539 556/556/556 540/540/540
f 556/556/556 557/557/557 540/540/540
f 540/540/540 557/557/557 541/541/541
f 557/557/557 558/558/558 541/541/541
f 541/541/541 558/558/558 542/542/542
f 558/558/558 559/559/559 542/542/542
f 542/542/542 559/559/559 543/543/543
f 559/559/559 560/560/560 543/543/543
f 543/543/543 560/560/560 544/544/544
f 560/560/560 561/561/561 544/544/544
f 545/545/545 562/562/562 546/546/546
f 562/562/562 563/563/563 546/546/546
f 546/546/546 563/563/563 547/547/547
f 563/563/563 564/564/564 547/547/547
f 547/547/547 564/564/564 548/548/548
f 564/564/564 565/565/565 548/548/548
f 548/548/548 565/565/565 549/549/549
f 565/565/565 566/566/566 549/549/549
f 549/549/549 566/566/566 550/550/550
f 566/566/566 567/567/567 550/550/550
f 550/550/550 567/567/567 551/551/551
f 567/567/567 568/568/568 551/551/551
f 551/551/551 568/568/568 552/552/552
f 568/568/568 569/569/569 552/552/552
f 552/552/552 569/569/569 553/553/553
f 569/569/569 570/570/570 553/553/553
f 553/553/553 570/570/570 554/554/554
f 570/570/570 571/571/571 554/554/554
f 554/554/554 571/571/571 555/555/555
f 571/571/571 572/572/572 555/555/555
f 555/555/555 572/572/572 556/556/556
f 572/572/572 573/573/573 556/556/556
f 556/556/556 573/573/573 557/557/557
f 573/573/573 574/574/574 557/557/557
f 557/557/557 574/574/574 558/558/558
f 574/574/574 575/575/575 558/558/558
f 558/558/558 575/575/575 559/559/559
f 575/575/575 576/576/576 559/559/559
f 559/559/559 576/576/576 560/560/560
f 576/576/576 577/577/577 560/560/560
f 560/560/560 577/577/577 561/561/561
f 577/577/577 578/578/578 561/561/561
f 562/562/562 579/579/579 563/563/563
f 579/579/579 580/580/580 563/563/563
f 563/563/563 580/580/580 564/564/564
f 580/580/580 581/581/581 564/564/564
f 564/564/564 581/581/581 565/565/565
f 581/581/581 582/582/582 565/565/565
f 565/565/565 582/582/582 566/566/566
f 582/582/582 583/583/583 566/566/566
f 566/566/566 583/583/583 567/567/567
f 583/583/583 584/584/584 567/567/567
f 567/567/567 584/584/584 568/568/568
f 584/584/584 585/585/585 568/568/568
f 568/568/568 585/585/585 569/569/569
f 585/585/585 586/586/586 569/569/569
f 569/569/569 586/586/586 570/570/570
f 586/586/586 587/587/587 570/570/570
f 570/570/570 587/587/587 571/571/571
f 587/587/587 588/588/588 571/571/571
f 571/571/571 588/588/588 572/572/572
f 588/588/588 589/589/589 572/572/572
f 572/572/572 589/589/589 573/573/573
f 589/589/589 590/590/590 573/573/573
f 573/573/573 590/590/590 574/574/574
f 590/590/590 591/591/591 574/574/574
f 574/574/574 591/591/591 575/575/575
f 591/591/591 592/592/592 575/575/575
f 575/575/575 592/592/592 576/576/576
f 592/592/592 593/593/593 576/576/576
f 576/576/576 593/593/593 577/577/577
f 593/593/593 594/594/594 577/577/577
f 577/577/577 594/594/594 578/578/578
f 594/594/594 595/595/595 578/578/578
f 579/579/579 596/596/596 580/580/580
f 596/596/596 597/597/597 580/580/580
f 580/580/580 597/597/597 581/581/581
f 597/597/597 598/598/598 581/581/581
f 581/581/581 598/598/598 582/582/582
f 598/598/598 599/599/599 582/582/582
f 582/582/582 599/599/599 583/583/583
f 599/599/599 600/600/600 583/583/583
f 583/583/583 600/600/600 584/584/584
f 600/600/600 601/601/601 584/584/584
f 584/584/584 601/601/601 585/585/585
f 601/601/601 602/602/602 585/585/585
f 585/585/585 602/602/602 586/586/586
f 602/602/602 603/603/603 586/586/586
f 586/586/586 603/603/603 587/587/587
f 603/603/603 604/604/604 587/587/587
f 587/587/587 604/604/604 588/588/588
f 604/604/604 605/605/605 588/588/588
f 588/588/588 605/605/605 589/589/589
f 605/605/605 606/606/606 589/589/589
f 589/589/589 606/606/606 590/590/590
f 606/606/606 607/607/607 590/590/590
f 590/590/590 607/607/607 591/591/591
f 607/607/607 608/608/608 591/591/591
f 591/591/591 608/608/608 592/592/592
f 608/608/608 609/609/609 592/592/592
f 592/592/592 609/609/609 593/593/593
f 609/609/609 610/610/610 593/593/593
f 593/593/593 610/610/610 594/594/594
f 610/610/610 611/611/611 594/594/594
f 594/594/594 611/611/611 595/595/595
f 611/611/611 612/612/612 595/595/595
f 596/596/596 613/613/613 597/597/597
f 613/613/613 614/614/614 597/597/597
f 597/597/597 614/614/614 598/598/598
f 614/614/614 615/615/615 598/598/598
f 598/598/598 615/615/615 599/599/599
f 615/615/615 616/616/616 599/599/599
f 599/599/599 616/616/616 600/600/600
f 616/616/616 617/617/617 600/600/600
f 600/600/600 617/617/617 601/601/601
f 617/617/617 618/618/618 601/601/601
f 601/601/601 618/618/618 602/602/602
f 618/618/618 619/619/619 602/602/602
f 602/602/602 619/619/619 603/603/603
f 619/619/619 620/620/620 603/603/603
f 603/603/603 620/620/620 604/604/604
f 620/620/620 621/621/621 604/604/604
f 604/604/604 621/621/621 605/605/605
f 621/621/621 622/622/622 605/605/605
f 605/605/605 622/622/622 606/606/606
f 622/622/622 623/623/623 606/606/606
f 606/606/606 623/623/623 607/607/607
f 623/623/623 624/624/624 607/607/607
f 607/607/607 624/624/624 608/608/608
f 624/624/624 625/625/625 608/608/608
f 608/608/608 625/625/625 609/609/609
f 625/625/625 626/626/626 609/609/609
f 609/609/609 626/626/626 610/610/610
f 626/626/626 627/627/627 610/610/610
f 610/610/610 627/627/627 611/611/611
f 627/627/627 628/628/628 611/611/611
f 611/611/611 628/628/628 612/612/612
f 628/628/628 629/629/629 612/612/612
f 613/613/613 630/630/630 614/614/614
f 630/630/630 631/631/631 614/614/614
f 614/614/614 631/631/631 615/615/615
f 631/631/631 632/632/632 615/615/615
f 615/615/615 632/632/632 616/616/616
f 632/632/632 633/633/633 616/616/616
f 616/616/616 633/633/633 617/617/617
f 633/633/633 634/634/634 617/617/617
f 617/617/617 634/634/634 618/618/618
f 634/634/634 635/635/635 618/618/618
f 618/618/618 635/635/635 619/619/619
f 635/635/635 636/636/636 619/619/619
f 619/619/619 636/636/636 620/620/620
f 636/636/636 637/637/637 620/620/620
f 620/620/620 637/637/637 621/621/621
f 637/637/637 638/638/638 621/621/621
f 621/621/621 638/638/638 622/622/622
f 638/638/638 639/639/639 622/622/622
f 622/622/622 639/639/639 623/623/623
f 639/639/639 640/640/640 623/623/623
f 623/623/623 640/640/640 624/624/624
f 640/640/640 641/641/641 624/624/624
f 624/624/624 641/641/641 625/625/625
f 641/641/641 642/642/642 625/625/625
f 625/625/625 642/642/642 626/626/626
f 642/642/642 643/643/643 626/626/626
f 626/626/626 643/643/643 627/627/627
f 643/643/643 644/644/644 627/627/627
f 627/627/627 644/644/644 628/628/628
f 644/644/644 645/645/645 628/628/628
f 628/628/628 645/645/645 629/629/629
f 645/645/645 646/646/646 629/629/629
f 630/630/630 647/647/647 631/631/631
f 647/647/647 648/648/648 631/631/631
f 631/631/631 648/648/648 632/632/632
f 648/648/648 649/649/649 632/632/632
f 632/632/632 649/649/649 633/633/633
f 649/649/649 650/650/650 633/633/633
f 633/633/633 650/650/650 634/634/634
f 650/650/650 651/651/651 634/634/634
f 634/634/634 651/651/651 635/635/635
f 651/651/651 652/652/652 635/635/635
f 635/635/635 652/652/652 636/636/636
f 652/652/652 653/653/653 636/636/636
f 636/636/636 653/653/653 637/637/637
f 653/653/653 654/654/654 637/637/637
f 637/637/637 654/654/654 638/638/638
f 654/654/654 655/655/655 638/638/638
f 638/638/638 655/655/655 639/639/639
f 655/655/655 656/656/656 639/639/639
f 639/639/639 656/656/656 640/640/640
f 656/656/656 657/657/657 640/640/640
f 640/640/640 657/657/657 641/641/641
f 657/657/657 658/658/658 641/641/641
f 641/641/641 658/658/658 642/642/642
f 658/658/658 659/659/659 642/642/642
f 642/642/642 659/659/659 643/643/643
f 659/659/659 660/660/660 643/643/643
f 643/643/643 660/660/660 644/644/644
f 660/660/660 661/661/661 644/644/644
f 644/644/644 661/661/661 645/645/645
f 661/661/661 662/662/662 645/645/645
f 645/645/645 662/662/662 646/646/646
f 662/662/662 663/663/663 646/646/646
f 647/647/647 664/664/664 648/648/648
f 664/664/664 665/665/665 648/648/648
f 648/648/648 665/665/665 649/649/649
f 665/665/665 666/666/666 649/649/649
f 649/649/649 666/666/666 650/650/650
f 666/666/666 667/667/667 650/650/650
f 650/650/650 667/667/667 651/651/651
f 667/667/667 668/668/668 651/651/651
f 651/651/651 668/668/668 652/652/652
f 668/668/668 669/669/669 652/652/652
f 652/652/652 669/669/669 653/653/653
f 669/669/669 670/670/670 653/653/653
f 653/653/653 670/670/670 654/654/654
f 670/670/670 671/671/671 654/654/654
f 654/654/654 671/671/671 655/655/655
f 671/671/671 672/672/672 655/655/655
f 655/655/655 672/672/672 656/656/656
f 672/672/672 673/673/673 656/656/656
f 656/656/656 673/673/673 657/657/657
f 673/673/673 674/674/674 657/657/657
f 657/657/657 674/674/674 658/658/658
f 674/674/674 675/675/675 658/658/658
f 658/658/658 675/675/675 659/659/659
f 675/675/675 676/676/676 659/659/659
f 659/659/659 676/676/676 660/660/660
f 676/676/676 677/677/677 660/660/660
f 660/660/660 677/677/677 661/661/661
f 677/677/677 678/678/678 661/661/661
f 661/661/661 678/678/678 662/662/662
f 678/678/678 679/679/679 662/662/662
f 662/662/662 679/679/679 663/663/663
f 679/679/679 680/680/680 663/663/663
f 664/664/664 681/681/681 665/665/665
f 681/681/681 682/682/682 665/665/665
f 665/665/665 682/682/682 666/666/666
f 682/682/682 683/683/683 666/666/666
f 666/666/666 683/683/683 667/667/667
f 683/683/683 684/684/684 667/667/667
f 667/667/667 684/684/684 668/668/668
f 684/684/684 685/685/685 668/668/668
f 668/668/668 685/685/685 669/669/669
f 685/685/685 686/686/686 669/669/669
f 669/669/669 686/686/686 670/670/670
f 686/686/686 687/687/687 670/670/670
f 670/670/670 687/687/687 671/671/671
f 687/687/687 688/688/688 671/671/671
f 671/671/671 688/688/688 672/672/672
f 688/688/688 689/689/689 672/672/672
f 672/672/672 689/689/689 673/673/673
f 689/689/689 690/690/690 673/673/673
f 673/673/673 690/690/690 674/674/674
f 690/690/690 691/691/691 674/674/674
f 674/674/674 691/691/691 675/675/675
f 691/691/691 692/692/692 675/675/675
f 675/675/675 692/692/692 676/676/676
f 692/692/692 693/693/693 676/676/676
f 676/676/676 693/693/693 677/677/677
f 693/693/693 694/694/694 677/677/677
f 677/677/677 694/694/694 678/678/678
f 694/694/694 695/695/695 678/678/678
f 678/678/678 695/695/695 679/679/679
f 695/695/695 696/696/696 679/679/679
f 679/679/679 696/696/696 680/680/680
f 696/696/696 697/697/697 680/680/680
f 681/681/681 698/698/698 682/682/682
f 698/698/698 699/699/699 682/682/682
f 682/682/682 699/699/699 683/683/683
f 699/699/699 700/700/700 683/683/683
f 683/683/683 700/700/700 684/684/684
f 700/700/700 701/701/701 684/684/684
f 684/684/684 701/701/701 685/685/685
f 701/701/701 702/702/702 685/685/685
f 685/685/685 702/702/702 686/686/686
f 702/702/702 703/703/703 686/686/686
f 686/686/686 703/703/703 687/687/687
f 703/703/703 704/704/704 687/687/687
f 687/687/687 704/704/704 688/688/688
f 704/704/704 705/705/705 688/688/688
f 688/688/688 705/705/705 689/689/689
f 705/705/705 706/706/706 689/689/689
f 689/689/689 706/706/706 690/690/690
f 706/706/706 707/707/707 690/690/690
f 690/690/690 707/707/707 691/691/691
f 707/707/707 708/708/708 691/691/691
f 691/691/691 708/708/708 692/692/692
f 708/708/708 709/709/709 692/692/692
f 692/692/692 709/709/709 693/693/693
f 709/709/709 710/710/710 693/693/693
f 693/693/693 710/710/710 694/694/694
f 710/710/710 711/711/711 694/694/694
f 694/694/694 711/711/711 695/695/695
f 711/711/711 712/712/712 695/695/695
f 695/695/695 712/712/712 696/696/696
f 712/712/712 713/713/713 696/696/696
f 696/696/696 713/713/713 697/697/697
f 713/713/713 714/714/714 697/697/697
f 698/698/698 715/715/715 699/699/699
f 715/715/715 716/716/716 699/699/699
f 699/699/699 716/716/716 700/700/700
f 716/716/716 717/717/717 700/700/700
f 700/700/700 717/717/717 701/701/701
f 717/717/717 718/718/718 701/701/701
f 701/701/701 718/718/718 702/702/702
f 718/718/718 719/719/719 702/702/702
f 702/702/702 719/719/719 703/703/703
f 719/719/719 720/720/720 703/703/703
f 703/703/703 720/720/720 704/704/704
f 720/720/720 721/721/721 704/704/704
f 704/704/704 721/721/721 705/705/705
f 721/721/721 722/722/722 705/705/705
f 705/705/705 722/722/722 706/706/706
f 722/722/722 723/723/723 706/706/706
f 706/706/706 723/723/723 707/707/707
f 723/723/723 724/724/724 707/707/707
f 707/707/707 724/724/724 708/708/708
f 724/724/724 725/725/725 708/708/708
f 708/708/708 725/725/725 709/709/709
f 725/725/725 726/726/726 709/709/709
f 709/709/709 726/726/726 710/710/710
f 726/726/726 727/727/727 710/710/710
f 710/710/710 727/727/727 711/711/711
f 727/727/727 728/728/728 711/711/711
f 711/711/711 728/728/728 712/712/712
f 728/728/728 729/729/729 712/712/712
f 712/712/712 729/729/729 713/713/713
f 729/729/729 730/730/730 713/713/713
f 713/713/713 730/730/730 714/714/714
f 730/730/730 731/731/731 714/714/714
f 715/715/715 732/732/732 716/716/716
f 732/732/732 733/733/733 716/716/716
f 716/716/716 733/733/733 717/717/717
f 733/733/733 734/734/734 717/717/717
f 717/717/717 734/734/734 718/718/718
f 734/734/734 735/735/735 718/718/718
f 718/718/718 735/735/735 719/719/719
f 735/735/735 736/736/736 719/719/719
f 719/719/719 736/736/736 720/720/720
f 736/736/736 737/737/737 720/720/720
f 720/720/720 737/737/737 721/721/721
f 737/737/737 738/738/738 721/721/721
f 721/721/721 738/738/738 722/722/722
f 738/738/738 739/739/739 722/722/722
f 722/722/722 739/739/739 723/723/723
f 739/739/739 740/740/740 723/723/723
f 723/723/723 740/740/740 724/724/724
f 740/740/740 741/741/741 724/724/724
f 724/724/724 741/741/741 725/725/725
f 741/741/741 742/742/742 725/725/725
f 725/725/725 742/742/742 726/726/726
f 742/742/742 743/743/743 726/726/726
f 726/726/726 743/743/743 727/727/727
f 743/743/743 744/744/744 727/727/727
f 727/727/727 744/744/744 728/728/728
f 744/744/744 745/745/745 728/728/728
f 728/728/728 745/745/745 729/729/729
f 745/745/745 746/746/746 729/729/729
f 729/729/729 746/746/746 730/730/730
f 746/746/746 747/747/747 730/730/730
f 730/730/730 747/747/747 731/731/731
f 747/747/747 748/748/748 731/731/731
f 732/732/732 749/749/749 733/733/733
f 749/749/749 750/750/750 733/733/733
f 733/733/733 750/750/750 734/734/734
f 750/750/750 751/751/751 734/734/734
f 734/734/734 751/751/751 735/735/735
f 751/751/751 752/752/752 735/735/735
f 735/735/735 752/752/752 736/736/736
f 752/752/752 753/753/753 736/736/736
f 736/736/736 753/753/753 737/737/737
f 753/753/753 754/754/754 737/737/737
f 737/737/737 754/754/754 738/738/738
f 754/754/754 755/755/755 738/738/738
f 738/738/738 755/755/755 739/739/739
f 755/755/755 756/756/756 739/739/739
f 739/739/739 756/756/756 740/740/740
f 756/756/756 757/757/757 740/740/740
f 740/740/740 757/757/757 741/741/741
f 757/757/757 758/758/758 741/741/741
f 741/741/741 758/758/758 742/742/742
f 758/758/758 759/759/759 742/742/742
f 742/742/742 759/759/759 743/743/743
f 759/759/759 760/760/760 743/743/743
f 743/743/743 760/760/760 744/744/744
f 760/760/760 761/761/761 744/744/744
f 744/744/744 761/761/761 745/745/745
f 761/761/761 762/762/762 745/745/745
f 745/745/745 762/762/762 746/746/746
f 762/762/762 763/763/763 746/746/746
f 746/746/746 763/763/763 747/747/747
f 763/763/763 764/764/764 747/747/747
f 747/747/747 764/764/764 748/748/748
f 764/764/764 765/765/765 748/748/748
f 749/749/749 766/766/766 750/750/750
f 766/766/766 767/767/767 750/750/750
f 750/750/750 767/767/767 751/751/751
f 767/767/767 768/768/768 751/751/751
f 751/751/751 768/768/768 752/752/752
f 768/768/768 769/769/769 752/752/752
f 752/752/752 769/769/769 753/753/753
f 769/769/769 770/770/770 753/753/753
f 753/753/753 770/770/770 754/754/754
f 770/770/770 771/771/771 754/754/754
f 754/754/754 771/771/771 755/755/755
f 771/771/771 772/772/772 755/755/755
f 755/755/755 772/772/772 756/756/756
f 772/772/772 773/773/773 756/756/756
f 756/756/756 773/773/773 757/757/757
f 773/773/773 774/774/774 757/757/757
f 757/757/757 774/774/774 758/758/758
f 774/774/774 775/775/775 758/758/758
f 758/758/758 775/775/775 759/759/759
f 775/775/775 776/776/776 759/759/759
f 759/759/759 776/776/776 760/760/760
f 776/776/776 777/777/777 760/760/760
f 760/760/760 777/777/777 761/761/761
f 777/777/777 778/778/778 761/761/761
f 761/761/761 778/778/778 762/762/762
f 778/778/778 779/779/779 762/762/762
f 762/762/762 779/779/779 763/763/763
f 779/779/779 780/780/780 763/763/763
f 763/763/763 780/780/780 764/764/764
f 780/780/780 781/781/781 764/764/764
f 764/764/764 781/781/781 765/765/765
f 781/781/781 782/782/782 765/765/765
f 766/766/766 783/783/783 767/767/767
f 783/783/783 784/784/784 767/767/767
f 767/767/767 784/784/784 768/768/768
f 784/784/784 785/785/785 768/768/768
f 768/768/768 785/785/785 769/769/769
f 785/785/785 786/786/786 769/769/769
f 769/769/769 786/786/786 770/770/770
f 786/786/786 787/787/787 770/770/770
f 770/770/770 787/787/787 771/771/771
f 787/787/787 788/788/788 771/771/771
f 771/771/771 788/788/788 772/772/772
f 788/788/788 789/789/789 772/772/772
f 772/772/772 789/789/789 773/773/773
f 789/789/789 790/790/790 773/773/773
f 773/773/773 790/790/790 774/774/774
f 790/790/790 791/791/791 774/774/774
f 774/774/774 791/791/791 775/775/775
f 791/791/791 792/792/792 775/775/775
f 775/775/775 792/792/792 776/776/776
f 792/792/792 793/793/793 776/776/776
f 776/776/776 793/793/793 777/777/777
f 793/793/793 794/794/794 777/777/777
f 777/777/777 794/794/794 778/778/778
f 794/794/794 795/795/795 778/778/778
f 778/778/778 795/795/795 779/779/779
f 795/795/795 796/796/796 779/779/779
f 779/779/779 796/796/796 780/780/780
f 796/796/796 797/797/797 780/780/780
f 780/780/780 797/797/797 781/781/781
f 797/797/797 798/798/798 781/781/781
f 781/781/781 798/798/798 782/782/782
f 798/798/798 799/799/799 782/782/782
f 783/783/783 800/800/800 784/784/784
f 800/800/800 801/801/801 784/784/784
f 784/784/784 801/801/801 785/785/785
f 801/801/801 802/802/802 785/785/785
f 785/785/785 802/802/802 786/786/786
f 802/802/802 803/803/803 786/786/786
f 786/786/786 803/803/803 787/787/787
f 803/803/803 804/804/804 787/787/787
f 787/787/787 804/804/804 788/788/788
f 804/804/804 805/805/805 788/788/788
f 788/788/788 805/805/805 789/789/789
f 805/805/805 806/806/806 789/789/789
f 789/789/789 806/806/806 790/790/790
f 806/806/806 807/807/807 790/790/790
f 790/790/790 807/807/807 791/791/791
f 807/807/807 808/808/808 791/791/791
f 791/791/791 808/808/808 792/792/792
f 808/808/808 809/809/809 792/792/792
f 792/792/792 809/809/809 793/793/793
f 809/809/809 810/810/810 793/793/793
f 793/793/793 810/810/810 794/794/794
f 810/810/810 811/811/811 794/794/794
f 794/794/794 811/811/811 795/795/795
f 811/811/811 812/812/812 795/795/795
f 795/795/795 812/812/812 796/796/796
f 812/812/812 813/813/813 796/796/796
f 796/796/796 813/813/813 797/797/797
f 813/813/813 814/814/814 797/797/797
f 797/797/797 814/814/814 798/798/798
f 814/814/814 815/815/815 798/798/798
f 798/798/798 815/815/815 799/799/799
f 815/815/815 816/816/816 799/799/799
f 800/800/800 817/817/817 801/801/801
f 817/817/817 818/818/818 801/801/801
f 801/801/801 818/818/818 802/802/802
f 818/818/818 819/819/819 802/802/802
f 802/802/802 819/819/819 803/803/803
f 819/819/819 820/820/820 803/803/803
f 803/803/803 820/820/820 804/804/804
f 820/820/820 821/821/821 804/804/804
f 804/804/804 821/821/821 805/805/805
f 821/821/821 822/822/822 805/805/805
f 805/805/805 822/822/822 806/806/806
f 822/822/822 823/823/823 806/806/806
f 806/806/806 823/823/823 807/807/807
f 823/823/823 824/824/824 807/807/807
f 807/807/807 824/824/824 808/808/808
f 824/824/824 825/825/825 808/808/808
f 808/808/808 825/825/825 809/809/809
f 825/825/825 826/826/826 809/809/809
f 809/809/809 826/826/826 810/810/810
f 826/826/826 827/827/827 810/810/810
f 810/810/810 827/827/827 811/811/811
f 827/827/827 828/828/828 811/811/811
f 811/811/811 828/828/828 812/812/812
f 828/828/828 829/829/829 812/812/812
f 812/812/812 829/829/829 813/813/813
f 829/829/829 830/830/830 813/813/813
f 813/813/813 830/830/830 814/814/814
f 830/830/830 831/831/831 814/814/814
f 814/814/814 831/831/831 815/815/815
f 831/831/831 832/832/832 815/815/815
f 815/815/815 832/832/832 816/816/816
f 832/832/832 833/833/833 816/816/816
