# studio VFX Rank Zero / Poing du Dragon, mesh genere (meshes.py)
v 1.04000 0.00000 0.00000
v 1.03236 0.02351 0.00000
v 1.01236 0.03804 0.00000
v 0.98764 0.03804 0.00000
v 0.96764 0.02351 0.00000
v 0.96000 0.00000 0.00000
v 0.96764 -0.02351 0.00000
v 0.98764 -0.03804 0.00000
v 1.01236 -0.03804 0.00000
v 1.03236 -0.02351 0.00000
v 1.04000 -0.00000 0.00000
v 1.03499 0.00000 0.10194
v 1.02739 0.02351 0.10119
v 1.00749 0.03804 0.09923
v 0.98288 0.03804 0.09681
v 0.96298 0.02351 0.09485
v 0.95538 0.00000 0.09410
v 0.96298 -0.02351 0.09485
v 0.98288 -0.03804 0.09681
v 1.00749 -0.03804 0.09923
v 1.02739 -0.02351 0.10119
v 1.03499 -0.00000 0.10194
v 1.02002 0.00000 0.20289
v 1.01252 0.02351 0.20140
v 0.99291 0.03804 0.19750
v 0.96866 0.03804 0.19268
v 0.94905 0.02351 0.18878
v 0.94155 0.00000 0.18729
v 0.94905 -0.02351 0.18878
v 0.96866 -0.03804 0.19268
v 0.99291 -0.03804 0.19750
v 1.01252 -0.02351 0.20140
v 1.02002 -0.00000 0.20289
v 0.99522 0.00000 0.30190
v 0.98791 0.02351 0.29968
v 0.96877 0.03804 0.29387
v 0.94511 0.03804 0.28670
v 0.92597 0.02351 0.28089
v 0.91866 0.00000 0.27867
v 0.92597 -0.02351 0.28089
v 0.94511 -0.03804 0.28670
v 0.96877 -0.03804 0.29387
v 0.98791 -0.02351 0.29968
v 0.99522 -0.00000 0.30190
v 0.96083 0.00000 0.39799
v 0.95378 0.02351 0.39507
v 0.93530 0.03804 0.38741
v 0.91246 0.03804 0.37795
v 0.89398 0.02351 0.37030
v 0.88692 0.00000 0.36738
v 0.89398 -0.02351 0.37030
v 0.91246 -0.03804 0.37795
v 0.93530 -0.03804 0.38741
v 0.95378 -0.02351 0.39507
v 0.96083 -0.00000 0.39799
v 0.91720 0.00000 0.49025
v 0.91046 0.02351 0.48665
v 0.89282 0.03804 0.47722
v 0.87102 0.03804 0.46557
v 0.85338 0.02351 0.45614
v 0.84664 0.00000 0.45254
v 0.85338 -0.02351 0.45614
v 0.87102 -0.03804 0.46557
v 0.89282 -0.03804 0.47722
v 0.91046 -0.02351 0.48665
v 0.91720 -0.00000 0.49025
v 0.86473 0.00000 0.57779
v 0.85838 0.02351 0.57355
v 0.84175 0.03804 0.56244
v 0.82119 0.03804 0.54870
v 0.80456 0.02351 0.53759
v 0.79821 0.00000 0.53335
v 0.80456 -0.02351 0.53759
v 0.82119 -0.03804 0.54870
v 0.84175 -0.03804 0.56244
v 0.85838 -0.02351 0.57355
v 0.86473 -0.00000 0.57779
v 0.80393 0.00000 0.65977
v 0.79803 0.02351 0.65492
v 0.78257 0.03804 0.64223
v 0.76346 0.03804 0.62655
v 0.74800 0.02351 0.61386
v 0.74209 0.00000 0.60902
v 0.74800 -0.02351 0.61386
v 0.76346 -0.03804 0.62655
v 0.78257 -0.03804 0.64223
v 0.79803 -0.02351 0.65492
v 0.80393 -0.00000 0.65977
v 0.73539 0.00000 0.73539
v 0.72999 0.02351 0.72999
v 0.71585 0.03804 0.71585
v 0.69837 0.03804 0.69837
v 0.68422 0.02351 0.68422
v 0.67882 0.00000 0.67882
v 0.68422 -0.02351 0.68422
v 0.69837 -0.03804 0.69837
v 0.71585 -0.03804 0.71585
v 0.72999 -0.02351 0.72999
v 0.73539 -0.00000 0.73539
v 0.65977 0.00000 0.80393
v 0.65492 0.02351 0.79803
v 0.64223 0.03804 0.78257
v 0.62655 0.03804 0.76346
v 0.61386 0.02351 0.74800
v 0.60902 0.00000 0.74209
v 0.61386 -0.02351 0.74800
v 0.62655 -0.03804 0.76346
v 0.64223 -0.03804 0.78257
v 0.65492 -0.02351 0.79803
v 0.65977 -0.00000 0.80393
v 0.57779 0.00000 0.86473
v 0.57355 0.02351 0.85838
v 0.56244 0.03804 0.84175
v 0.54870 0.03804 0.82119
v 0.53759 0.02351 0.80456
v 0.53335 0.00000 0.79821
v 0.53759 -0.02351 0.80456
v 0.54870 -0.03804 0.82119
v 0.56244 -0.03804 0.84175
v 0.57355 -0.02351 0.85838
v 0.57779 -0.00000 0.86473
v 0.49025 0.00000 0.91720
v 0.48665 0.02351 0.91046
v 0.47722 0.03804 0.89282
v 0.46557 0.03804 0.87102
v 0.45614 0.02351 0.85338
v 0.45254 0.00000 0.84664
v 0.45614 -0.02351 0.85338
v 0.46557 -0.03804 0.87102
v 0.47722 -0.03804 0.89282
v 0.48665 -0.02351 0.91046
v 0.49025 -0.00000 0.91720
v 0.39799 0.00000 0.96083
v 0.39507 0.02351 0.95378
v 0.38741 0.03804 0.93530
v 0.37795 0.03804 0.91246
v 0.37030 0.02351 0.89398
v 0.36738 0.00000 0.88692
v 0.37030 -0.02351 0.89398
v 0.37795 -0.03804 0.91246
v 0.38741 -0.03804 0.93530
v 0.39507 -0.02351 0.95378
v 0.39799 -0.00000 0.96083
v 0.30190 0.00000 0.99522
v 0.29968 0.02351 0.98791
v 0.29387 0.03804 0.96877
v 0.28670 0.03804 0.94511
v 0.28089 0.02351 0.92597
v 0.27867 0.00000 0.91866
v 0.28089 -0.02351 0.92597
v 0.28670 -0.03804 0.94511
v 0.29387 -0.03804 0.96877
v 0.29968 -0.02351 0.98791
v 0.30190 -0.00000 0.99522
v 0.20289 0.00000 1.02002
v 0.20140 0.02351 1.01252
v 0.19750 0.03804 0.99291
v 0.19268 0.03804 0.96866
v 0.18878 0.02351 0.94905
v 0.18729 0.00000 0.94155
v 0.18878 -0.02351 0.94905
v 0.19268 -0.03804 0.96866
v 0.19750 -0.03804 0.99291
v 0.20140 -0.02351 1.01252
v 0.20289 -0.00000 1.02002
v 0.10194 0.00000 1.03499
v 0.10119 0.02351 1.02739
v 0.09923 0.03804 1.00749
v 0.09681 0.03804 0.98288
v 0.09485 0.02351 0.96298
v 0.09410 0.00000 0.95538
v 0.09485 -0.02351 0.96298
v 0.09681 -0.03804 0.98288
v 0.09923 -0.03804 1.00749
v 0.10119 -0.02351 1.02739
v 0.10194 -0.00000 1.03499
v 0.00000 0.00000 1.04000
v 0.00000 0.02351 1.03236
v 0.00000 0.03804 1.01236
v 0.00000 0.03804 0.98764
v 0.00000 0.02351 0.96764
v 0.00000 0.00000 0.96000
v 0.00000 -0.02351 0.96764
v 0.00000 -0.03804 0.98764
v 0.00000 -0.03804 1.01236
v 0.00000 -0.02351 1.03236
v 0.00000 -0.00000 1.04000
v -0.10194 0.00000 1.03499
v -0.10119 0.02351 1.02739
v -0.09923 0.03804 1.00749
v -0.09681 0.03804 0.98288
v -0.09485 0.02351 0.96298
v -0.09410 0.00000 0.95538
v -0.09485 -0.02351 0.96298
v -0.09681 -0.03804 0.98288
v -0.09923 -0.03804 1.00749
v -0.10119 -0.02351 1.02739
v -0.10194 -0.00000 1.03499
v -0.20289 0.00000 1.02002
v -0.20140 0.02351 1.01252
v -0.19750 0.03804 0.99291
v -0.19268 0.03804 0.96866
v -0.18878 0.02351 0.94905
v -0.18729 0.00000 0.94155
v -0.18878 -0.02351 0.94905
v -0.19268 -0.03804 0.96866
v -0.19750 -0.03804 0.99291
v -0.20140 -0.02351 1.01252
v -0.20289 -0.00000 1.02002
v -0.30190 0.00000 0.99522
v -0.29968 0.02351 0.98791
v -0.29387 0.03804 0.96877
v -0.28670 0.03804 0.94511
v -0.28089 0.02351 0.92597
v -0.27867 0.00000 0.91866
v -0.28089 -0.02351 0.92597
v -0.28670 -0.03804 0.94511
v -0.29387 -0.03804 0.96877
v -0.29968 -0.02351 0.98791
v -0.30190 -0.00000 0.99522
v -0.39799 0.00000 0.96083
v -0.39507 0.02351 0.95378
v -0.38741 0.03804 0.93530
v -0.37795 0.03804 0.91246
v -0.37030 0.02351 0.89398
v -0.36738 0.00000 0.88692
v -0.37030 -0.02351 0.89398
v -0.37795 -0.03804 0.91246
v -0.38741 -0.03804 0.93530
v -0.39507 -0.02351 0.95378
v -0.39799 -0.00000 0.96083
v -0.49025 0.00000 0.91720
v -0.48665 0.02351 0.91046
v -0.47722 0.03804 0.89282
v -0.46557 0.03804 0.87102
v -0.45614 0.02351 0.85338
v -0.45254 0.00000 0.84664
v -0.45614 -0.02351 0.85338
v -0.46557 -0.03804 0.87102
v -0.47722 -0.03804 0.89282
v -0.48665 -0.02351 0.91046
v -0.49025 -0.00000 0.91720
v -0.57779 0.00000 0.86473
v -0.57355 0.02351 0.85838
v -0.56244 0.03804 0.84175
v -0.54870 0.03804 0.82119
v -0.53759 0.02351 0.80456
v -0.53335 0.00000 0.79821
v -0.53759 -0.02351 0.80456
v -0.54870 -0.03804 0.82119
v -0.56244 -0.03804 0.84175
v -0.57355 -0.02351 0.85838
v -0.57779 -0.00000 0.86473
v -0.65977 0.00000 0.80393
v -0.65492 0.02351 0.79803
v -0.64223 0.03804 0.78257
v -0.62655 0.03804 0.76346
v -0.61386 0.02351 0.74800
v -0.60902 0.00000 0.74209
v -0.61386 -0.02351 0.74800
v -0.62655 -0.03804 0.76346
v -0.64223 -0.03804 0.78257
v -0.65492 -0.02351 0.79803
v -0.65977 -0.00000 0.80393
v -0.73539 0.00000 0.73539
v -0.72999 0.02351 0.72999
v -0.71585 0.03804 0.71585
v -0.69837 0.03804 0.69837
v -0.68422 0.02351 0.68422
v -0.67882 0.00000 0.67882
v -0.68422 -0.02351 0.68422
v -0.69837 -0.03804 0.69837
v -0.71585 -0.03804 0.71585
v -0.72999 -0.02351 0.72999
v -0.73539 -0.00000 0.73539
v -0.80393 0.00000 0.65977
v -0.79803 0.02351 0.65492
v -0.78257 0.03804 0.64223
v -0.76346 0.03804 0.62655
v -0.74800 0.02351 0.61386
v -0.74209 0.00000 0.60902
v -0.74800 -0.02351 0.61386
v -0.76346 -0.03804 0.62655
v -0.78257 -0.03804 0.64223
v -0.79803 -0.02351 0.65492
v -0.80393 -0.00000 0.65977
v -0.86473 0.00000 0.57779
v -0.85838 0.02351 0.57355
v -0.84175 0.03804 0.56244
v -0.82119 0.03804 0.54870
v -0.80456 0.02351 0.53759
v -0.79821 0.00000 0.53335
v -0.80456 -0.02351 0.53759
v -0.82119 -0.03804 0.54870
v -0.84175 -0.03804 0.56244
v -0.85838 -0.02351 0.57355
v -0.86473 -0.00000 0.57779
v -0.91720 0.00000 0.49025
v -0.91046 0.02351 0.48665
v -0.89282 0.03804 0.47722
v -0.87102 0.03804 0.46557
v -0.85338 0.02351 0.45614
v -0.84664 0.00000 0.45254
v -0.85338 -0.02351 0.45614
v -0.87102 -0.03804 0.46557
v -0.89282 -0.03804 0.47722
v -0.91046 -0.02351 0.48665
v -0.91720 -0.00000 0.49025
v -0.96083 0.00000 0.39799
v -0.95378 0.02351 0.39507
v -0.93530 0.03804 0.38741
v -0.91246 0.03804 0.37795
v -0.89398 0.02351 0.37030
v -0.88692 0.00000 0.36738
v -0.89398 -0.02351 0.37030
v -0.91246 -0.03804 0.37795
v -0.93530 -0.03804 0.38741
v -0.95378 -0.02351 0.39507
v -0.96083 -0.00000 0.39799
v -0.99522 0.00000 0.30190
v -0.98791 0.02351 0.29968
v -0.96877 0.03804 0.29387
v -0.94511 0.03804 0.28670
v -0.92597 0.02351 0.28089
v -0.91866 0.00000 0.27867
v -0.92597 -0.02351 0.28089
v -0.94511 -0.03804 0.28670
v -0.96877 -0.03804 0.29387
v -0.98791 -0.02351 0.29968
v -0.99522 -0.00000 0.30190
v -1.02002 0.00000 0.20289
v -1.01252 0.02351 0.20140
v -0.99291 0.03804 0.19750
v -0.96866 0.03804 0.19268
v -0.94905 0.02351 0.18878
v -0.94155 0.00000 0.18729
v -0.94905 -0.02351 0.18878
v -0.96866 -0.03804 0.19268
v -0.99291 -0.03804 0.19750
v -1.01252 -0.02351 0.20140
v -1.02002 -0.00000 0.20289
v -1.03499 0.00000 0.10194
v -1.02739 0.02351 0.10119
v -1.00749 0.03804 0.09923
v -0.98288 0.03804 0.09681
v -0.96298 0.02351 0.09485
v -0.95538 0.00000 0.09410
v -0.96298 -0.02351 0.09485
v -0.98288 -0.03804 0.09681
v -1.00749 -0.03804 0.09923
v -1.02739 -0.02351 0.10119
v -1.03499 -0.00000 0.10194
v -1.04000 0.00000 0.00000
v -1.03236 0.02351 0.00000
v -1.01236 0.03804 0.00000
v -0.98764 0.03804 0.00000
v -0.96764 0.02351 0.00000
v -0.96000 0.00000 0.00000
v -0.96764 -0.02351 0.00000
v -0.98764 -0.03804 0.00000
v -1.01236 -0.03804 0.00000
v -1.03236 -0.02351 0.00000
v -1.04000 -0.00000 0.00000
v -1.03499 0.00000 -0.10194
v -1.02739 0.02351 -0.10119
v -1.00749 0.03804 -0.09923
v -0.98288 0.03804 -0.09681
v -0.96298 0.02351 -0.09485
v -0.95538 0.00000 -0.09410
v -0.96298 -0.02351 -0.09485
v -0.98288 -0.03804 -0.09681
v -1.00749 -0.03804 -0.09923
v -1.02739 -0.02351 -0.10119
v -1.03499 -0.00000 -0.10194
v -1.02002 0.00000 -0.20289
v -1.01252 0.02351 -0.20140
v -0.99291 0.03804 -0.19750
v -0.96866 0.03804 -0.19268
v -0.94905 0.02351 -0.18878
v -0.94155 0.00000 -0.18729
v -0.94905 -0.02351 -0.18878
v -0.96866 -0.03804 -0.19268
v -0.99291 -0.03804 -0.19750
v -1.01252 -0.02351 -0.20140
v -1.02002 -0.00000 -0.20289
v -0.99522 0.00000 -0.30190
v -0.98791 0.02351 -0.29968
v -0.96877 0.03804 -0.29387
v -0.94511 0.03804 -0.28670
v -0.92597 0.02351 -0.28089
v -0.91866 0.00000 -0.27867
v -0.92597 -0.02351 -0.28089
v -0.94511 -0.03804 -0.28670
v -0.96877 -0.03804 -0.29387
v -0.98791 -0.02351 -0.29968
v -0.99522 -0.00000 -0.30190
v -0.96083 0.00000 -0.39799
v -0.95378 0.02351 -0.39507
v -0.93530 0.03804 -0.38741
v -0.91246 0.03804 -0.37795
v -0.89398 0.02351 -0.37030
v -0.88692 0.00000 -0.36738
v -0.89398 -0.02351 -0.37030
v -0.91246 -0.03804 -0.37795
v -0.93530 -0.03804 -0.38741
v -0.95378 -0.02351 -0.39507
v -0.96083 -0.00000 -0.39799
v -0.91720 0.00000 -0.49025
v -0.91046 0.02351 -0.48665
v -0.89282 0.03804 -0.47722
v -0.87102 0.03804 -0.46557
v -0.85338 0.02351 -0.45614
v -0.84664 0.00000 -0.45254
v -0.85338 -0.02351 -0.45614
v -0.87102 -0.03804 -0.46557
v -0.89282 -0.03804 -0.47722
v -0.91046 -0.02351 -0.48665
v -0.91720 -0.00000 -0.49025
v -0.86473 0.00000 -0.57779
v -0.85838 0.02351 -0.57355
v -0.84175 0.03804 -0.56244
v -0.82119 0.03804 -0.54870
v -0.80456 0.02351 -0.53759
v -0.79821 0.00000 -0.53335
v -0.80456 -0.02351 -0.53759
v -0.82119 -0.03804 -0.54870
v -0.84175 -0.03804 -0.56244
v -0.85838 -0.02351 -0.57355
v -0.86473 -0.00000 -0.57779
v -0.80393 0.00000 -0.65977
v -0.79803 0.02351 -0.65492
v -0.78257 0.03804 -0.64223
v -0.76346 0.03804 -0.62655
v -0.74800 0.02351 -0.61386
v -0.74209 0.00000 -0.60902
v -0.74800 -0.02351 -0.61386
v -0.76346 -0.03804 -0.62655
v -0.78257 -0.03804 -0.64223
v -0.79803 -0.02351 -0.65492
v -0.80393 -0.00000 -0.65977
v -0.73539 0.00000 -0.73539
v -0.72999 0.02351 -0.72999
v -0.71585 0.03804 -0.71585
v -0.69837 0.03804 -0.69837
v -0.68422 0.02351 -0.68422
v -0.67882 0.00000 -0.67882
v -0.68422 -0.02351 -0.68422
v -0.69837 -0.03804 -0.69837
v -0.71585 -0.03804 -0.71585
v -0.72999 -0.02351 -0.72999
v -0.73539 -0.00000 -0.73539
v -0.65977 0.00000 -0.80393
v -0.65492 0.02351 -0.79803
v -0.64223 0.03804 -0.78257
v -0.62655 0.03804 -0.76346
v -0.61386 0.02351 -0.74800
v -0.60902 0.00000 -0.74209
v -0.61386 -0.02351 -0.74800
v -0.62655 -0.03804 -0.76346
v -0.64223 -0.03804 -0.78257
v -0.65492 -0.02351 -0.79803
v -0.65977 -0.00000 -0.80393
v -0.57779 0.00000 -0.86473
v -0.57355 0.02351 -0.85838
v -0.56244 0.03804 -0.84175
v -0.54870 0.03804 -0.82119
v -0.53759 0.02351 -0.80456
v -0.53335 0.00000 -0.79821
v -0.53759 -0.02351 -0.80456
v -0.54870 -0.03804 -0.82119
v -0.56244 -0.03804 -0.84175
v -0.57355 -0.02351 -0.85838
v -0.57779 -0.00000 -0.86473
v -0.49025 0.00000 -0.91720
v -0.48665 0.02351 -0.91046
v -0.47722 0.03804 -0.89282
v -0.46557 0.03804 -0.87102
v -0.45614 0.02351 -0.85338
v -0.45254 0.00000 -0.84664
v -0.45614 -0.02351 -0.85338
v -0.46557 -0.03804 -0.87102
v -0.47722 -0.03804 -0.89282
v -0.48665 -0.02351 -0.91046
v -0.49025 -0.00000 -0.91720
v -0.39799 0.00000 -0.96083
v -0.39507 0.02351 -0.95378
v -0.38741 0.03804 -0.93530
v -0.37795 0.03804 -0.91246
v -0.37030 0.02351 -0.89398
v -0.36738 0.00000 -0.88692
v -0.37030 -0.02351 -0.89398
v -0.37795 -0.03804 -0.91246
v -0.38741 -0.03804 -0.93530
v -0.39507 -0.02351 -0.95378
v -0.39799 -0.00000 -0.96083
v -0.30190 0.00000 -0.99522
v -0.29968 0.02351 -0.98791
v -0.29387 0.03804 -0.96877
v -0.28670 0.03804 -0.94511
v -0.28089 0.02351 -0.92597
v -0.27867 0.00000 -0.91866
v -0.28089 -0.02351 -0.92597
v -0.28670 -0.03804 -0.94511
v -0.29387 -0.03804 -0.96877
v -0.29968 -0.02351 -0.98791
v -0.30190 -0.00000 -0.99522
v -0.20289 0.00000 -1.02002
v -0.20140 0.02351 -1.01252
v -0.19750 0.03804 -0.99291
v -0.19268 0.03804 -0.96866
v -0.18878 0.02351 -0.94905
v -0.18729 0.00000 -0.94155
v -0.18878 -0.02351 -0.94905
v -0.19268 -0.03804 -0.96866
v -0.19750 -0.03804 -0.99291
v -0.20140 -0.02351 -1.01252
v -0.20289 -0.00000 -1.02002
v -0.10194 0.00000 -1.03499
v -0.10119 0.02351 -1.02739
v -0.09923 0.03804 -1.00749
v -0.09681 0.03804 -0.98288
v -0.09485 0.02351 -0.96298
v -0.09410 0.00000 -0.95538
v -0.09485 -0.02351 -0.96298
v -0.09681 -0.03804 -0.98288
v -0.09923 -0.03804 -1.00749
v -0.10119 -0.02351 -1.02739
v -0.10194 -0.00000 -1.03499
v -0.00000 0.00000 -1.04000
v -0.00000 0.02351 -1.03236
v -0.00000 0.03804 -1.01236
v -0.00000 0.03804 -0.98764
v -0.00000 0.02351 -0.96764
v -0.00000 0.00000 -0.96000
v -0.00000 -0.02351 -0.96764
v -0.00000 -0.03804 -0.98764
v -0.00000 -0.03804 -1.01236
v -0.00000 -0.02351 -1.03236
v -0.00000 -0.00000 -1.04000
v 0.10194 0.00000 -1.03499
v 0.10119 0.02351 -1.02739
v 0.09923 0.03804 -1.00749
v 0.09681 0.03804 -0.98288
v 0.09485 0.02351 -0.96298
v 0.09410 0.00000 -0.95538
v 0.09485 -0.02351 -0.96298
v 0.09681 -0.03804 -0.98288
v 0.09923 -0.03804 -1.00749
v 0.10119 -0.02351 -1.02739
v 0.10194 -0.00000 -1.03499
v 0.20289 0.00000 -1.02002
v 0.20140 0.02351 -1.01252
v 0.19750 0.03804 -0.99291
v 0.19268 0.03804 -0.96866
v 0.18878 0.02351 -0.94905
v 0.18729 0.00000 -0.94155
v 0.18878 -0.02351 -0.94905
v 0.19268 -0.03804 -0.96866
v 0.19750 -0.03804 -0.99291
v 0.20140 -0.02351 -1.01252
v 0.20289 -0.00000 -1.02002
v 0.30190 0.00000 -0.99522
v 0.29968 0.02351 -0.98791
v 0.29387 0.03804 -0.96877
v 0.28670 0.03804 -0.94511
v 0.28089 0.02351 -0.92597
v 0.27867 0.00000 -0.91866
v 0.28089 -0.02351 -0.92597
v 0.28670 -0.03804 -0.94511
v 0.29387 -0.03804 -0.96877
v 0.29968 -0.02351 -0.98791
v 0.30190 -0.00000 -0.99522
v 0.39799 0.00000 -0.96083
v 0.39507 0.02351 -0.95378
v 0.38741 0.03804 -0.93530
v 0.37795 0.03804 -0.91246
v 0.37030 0.02351 -0.89398
v 0.36738 0.00000 -0.88692
v 0.37030 -0.02351 -0.89398
v 0.37795 -0.03804 -0.91246
v 0.38741 -0.03804 -0.93530
v 0.39507 -0.02351 -0.95378
v 0.39799 -0.00000 -0.96083
v 0.49025 0.00000 -0.91720
v 0.48665 0.02351 -0.91046
v 0.47722 0.03804 -0.89282
v 0.46557 0.03804 -0.87102
v 0.45614 0.02351 -0.85338
v 0.45254 0.00000 -0.84664
v 0.45614 -0.02351 -0.85338
v 0.46557 -0.03804 -0.87102
v 0.47722 -0.03804 -0.89282
v 0.48665 -0.02351 -0.91046
v 0.49025 -0.00000 -0.91720
v 0.57779 0.00000 -0.86473
v 0.57355 0.02351 -0.85838
v 0.56244 0.03804 -0.84175
v 0.54870 0.03804 -0.82119
v 0.53759 0.02351 -0.80456
v 0.53335 0.00000 -0.79821
v 0.53759 -0.02351 -0.80456
v 0.54870 -0.03804 -0.82119
v 0.56244 -0.03804 -0.84175
v 0.57355 -0.02351 -0.85838
v 0.57779 -0.00000 -0.86473
v 0.65977 0.00000 -0.80393
v 0.65492 0.02351 -0.79803
v 0.64223 0.03804 -0.78257
v 0.62655 0.03804 -0.76346
v 0.61386 0.02351 -0.74800
v 0.60902 0.00000 -0.74209
v 0.61386 -0.02351 -0.74800
v 0.62655 -0.03804 -0.76346
v 0.64223 -0.03804 -0.78257
v 0.65492 -0.02351 -0.79803
v 0.65977 -0.00000 -0.80393
v 0.73539 0.00000 -0.73539
v 0.72999 0.02351 -0.72999
v 0.71585 0.03804 -0.71585
v 0.69837 0.03804 -0.69837
v 0.68422 0.02351 -0.68422
v 0.67882 0.00000 -0.67882
v 0.68422 -0.02351 -0.68422
v 0.69837 -0.03804 -0.69837
v 0.71585 -0.03804 -0.71585
v 0.72999 -0.02351 -0.72999
v 0.73539 -0.00000 -0.73539
v 0.80393 0.00000 -0.65977
v 0.79803 0.02351 -0.65492
v 0.78257 0.03804 -0.64223
v 0.76346 0.03804 -0.62655
v 0.74800 0.02351 -0.61386
v 0.74209 0.00000 -0.60902
v 0.74800 -0.02351 -0.61386
v 0.76346 -0.03804 -0.62655
v 0.78257 -0.03804 -0.64223
v 0.79803 -0.02351 -0.65492
v 0.80393 -0.00000 -0.65977
v 0.86473 0.00000 -0.57779
v 0.85838 0.02351 -0.57355
v 0.84175 0.03804 -0.56244
v 0.82119 0.03804 -0.54870
v 0.80456 0.02351 -0.53759
v 0.79821 0.00000 -0.53335
v 0.80456 -0.02351 -0.53759
v 0.82119 -0.03804 -0.54870
v 0.84175 -0.03804 -0.56244
v 0.85838 -0.02351 -0.57355
v 0.86473 -0.00000 -0.57779
v 0.91720 0.00000 -0.49025
v 0.91046 0.02351 -0.48665
v 0.89282 0.03804 -0.47722
v 0.87102 0.03804 -0.46557
v 0.85338 0.02351 -0.45614
v 0.84664 0.00000 -0.45254
v 0.85338 -0.02351 -0.45614
v 0.87102 -0.03804 -0.46557
v 0.89282 -0.03804 -0.47722
v 0.91046 -0.02351 -0.48665
v 0.91720 -0.00000 -0.49025
v 0.96083 0.00000 -0.39799
v 0.95378 0.02351 -0.39507
v 0.93530 0.03804 -0.38741
v 0.91246 0.03804 -0.37795
v 0.89398 0.02351 -0.37030
v 0.88692 0.00000 -0.36738
v 0.89398 -0.02351 -0.37030
v 0.91246 -0.03804 -0.37795
v 0.93530 -0.03804 -0.38741
v 0.95378 -0.02351 -0.39507
v 0.96083 -0.00000 -0.39799
v 0.99522 0.00000 -0.30190
v 0.98791 0.02351 -0.29968
v 0.96877 0.03804 -0.29387
v 0.94511 0.03804 -0.28670
v 0.92597 0.02351 -0.28089
v 0.91866 0.00000 -0.27867
v 0.92597 -0.02351 -0.28089
v 0.94511 -0.03804 -0.28670
v 0.96877 -0.03804 -0.29387
v 0.98791 -0.02351 -0.29968
v 0.99522 -0.00000 -0.30190
v 1.02002 0.00000 -0.20289
v 1.01252 0.02351 -0.20140
v 0.99291 0.03804 -0.19750
v 0.96866 0.03804 -0.19268
v 0.94905 0.02351 -0.18878
v 0.94155 0.00000 -0.18729
v 0.94905 -0.02351 -0.18878
v 0.96866 -0.03804 -0.19268
v 0.99291 -0.03804 -0.19750
v 1.01252 -0.02351 -0.20140
v 1.02002 -0.00000 -0.20289
v 1.03499 0.00000 -0.10194
v 1.02739 0.02351 -0.10119
v 1.00749 0.03804 -0.09923
v 0.98288 0.03804 -0.09681
v 0.96298 0.02351 -0.09485
v 0.95538 0.00000 -0.09410
v 0.96298 -0.02351 -0.09485
v 0.98288 -0.03804 -0.09681
v 1.00749 -0.03804 -0.09923
v 1.02739 -0.02351 -0.10119
v 1.03499 -0.00000 -0.10194
v 1.04000 0.00000 -0.00000
v 1.03236 0.02351 -0.00000
v 1.01236 0.03804 -0.00000
v 0.98764 0.03804 -0.00000
v 0.96764 0.02351 -0.00000
v 0.96000 0.00000 -0.00000
v 0.96764 -0.02351 -0.00000
v 0.98764 -0.03804 -0.00000
v 1.01236 -0.03804 -0.00000
v 1.03236 -0.02351 -0.00000
v 1.04000 -0.00000 -0.00000
vt 0.00000 0.00000
vt 0.00000 0.10000
vt 0.00000 0.20000
vt 0.00000 0.30000
vt 0.00000 0.40000
vt 0.00000 0.50000
vt 0.00000 0.60000
vt 0.00000 0.70000
vt 0.00000 0.80000
vt 0.00000 0.90000
vt 0.00000 1.00000
vt 0.01562 0.00000
vt 0.01562 0.10000
vt 0.01562 0.20000
vt 0.01562 0.30000
vt 0.01562 0.40000
vt 0.01562 0.50000
vt 0.01562 0.60000
vt 0.01562 0.70000
vt 0.01562 0.80000
vt 0.01562 0.90000
vt 0.01562 1.00000
vt 0.03125 0.00000
vt 0.03125 0.10000
vt 0.03125 0.20000
vt 0.03125 0.30000
vt 0.03125 0.40000
vt 0.03125 0.50000
vt 0.03125 0.60000
vt 0.03125 0.70000
vt 0.03125 0.80000
vt 0.03125 0.90000
vt 0.03125 1.00000
vt 0.04688 0.00000
vt 0.04688 0.10000
vt 0.04688 0.20000
vt 0.04688 0.30000
vt 0.04688 0.40000
vt 0.04688 0.50000
vt 0.04688 0.60000
vt 0.04688 0.70000
vt 0.04688 0.80000
vt 0.04688 0.90000
vt 0.04688 1.00000
vt 0.06250 0.00000
vt 0.06250 0.10000
vt 0.06250 0.20000
vt 0.06250 0.30000
vt 0.06250 0.40000
vt 0.06250 0.50000
vt 0.06250 0.60000
vt 0.06250 0.70000
vt 0.06250 0.80000
vt 0.06250 0.90000
vt 0.06250 1.00000
vt 0.07812 0.00000
vt 0.07812 0.10000
vt 0.07812 0.20000
vt 0.07812 0.30000
vt 0.07812 0.40000
vt 0.07812 0.50000
vt 0.07812 0.60000
vt 0.07812 0.70000
vt 0.07812 0.80000
vt 0.07812 0.90000
vt 0.07812 1.00000
vt 0.09375 0.00000
vt 0.09375 0.10000
vt 0.09375 0.20000
vt 0.09375 0.30000
vt 0.09375 0.40000
vt 0.09375 0.50000
vt 0.09375 0.60000
vt 0.09375 0.70000
vt 0.09375 0.80000
vt 0.09375 0.90000
vt 0.09375 1.00000
vt 0.10938 0.00000
vt 0.10938 0.10000
vt 0.10938 0.20000
vt 0.10938 0.30000
vt 0.10938 0.40000
vt 0.10938 0.50000
vt 0.10938 0.60000
vt 0.10938 0.70000
vt 0.10938 0.80000
vt 0.10938 0.90000
vt 0.10938 1.00000
vt 0.12500 0.00000
vt 0.12500 0.10000
vt 0.12500 0.20000
vt 0.12500 0.30000
vt 0.12500 0.40000
vt 0.12500 0.50000
vt 0.12500 0.60000
vt 0.12500 0.70000
vt 0.12500 0.80000
vt 0.12500 0.90000
vt 0.12500 1.00000
vt 0.14062 0.00000
vt 0.14062 0.10000
vt 0.14062 0.20000
vt 0.14062 0.30000
vt 0.14062 0.40000
vt 0.14062 0.50000
vt 0.14062 0.60000
vt 0.14062 0.70000
vt 0.14062 0.80000
vt 0.14062 0.90000
vt 0.14062 1.00000
vt 0.15625 0.00000
vt 0.15625 0.10000
vt 0.15625 0.20000
vt 0.15625 0.30000
vt 0.15625 0.40000
vt 0.15625 0.50000
vt 0.15625 0.60000
vt 0.15625 0.70000
vt 0.15625 0.80000
vt 0.15625 0.90000
vt 0.15625 1.00000
vt 0.17188 0.00000
vt 0.17188 0.10000
vt 0.17188 0.20000
vt 0.17188 0.30000
vt 0.17188 0.40000
vt 0.17188 0.50000
vt 0.17188 0.60000
vt 0.17188 0.70000
vt 0.17188 0.80000
vt 0.17188 0.90000
vt 0.17188 1.00000
vt 0.18750 0.00000
vt 0.18750 0.10000
vt 0.18750 0.20000
vt 0.18750 0.30000
vt 0.18750 0.40000
vt 0.18750 0.50000
vt 0.18750 0.60000
vt 0.18750 0.70000
vt 0.18750 0.80000
vt 0.18750 0.90000
vt 0.18750 1.00000
vt 0.20312 0.00000
vt 0.20312 0.10000
vt 0.20312 0.20000
vt 0.20312 0.30000
vt 0.20312 0.40000
vt 0.20312 0.50000
vt 0.20312 0.60000
vt 0.20312 0.70000
vt 0.20312 0.80000
vt 0.20312 0.90000
vt 0.20312 1.00000
vt 0.21875 0.00000
vt 0.21875 0.10000
vt 0.21875 0.20000
vt 0.21875 0.30000
vt 0.21875 0.40000
vt 0.21875 0.50000
vt 0.21875 0.60000
vt 0.21875 0.70000
vt 0.21875 0.80000
vt 0.21875 0.90000
vt 0.21875 1.00000
vt 0.23438 0.00000
vt 0.23438 0.10000
vt 0.23438 0.20000
vt 0.23438 0.30000
vt 0.23438 0.40000
vt 0.23438 0.50000
vt 0.23438 0.60000
vt 0.23438 0.70000
vt 0.23438 0.80000
vt 0.23438 0.90000
vt 0.23438 1.00000
vt 0.25000 0.00000
vt 0.25000 0.10000
vt 0.25000 0.20000
vt 0.25000 0.30000
vt 0.25000 0.40000
vt 0.25000 0.50000
vt 0.25000 0.60000
vt 0.25000 0.70000
vt 0.25000 0.80000
vt 0.25000 0.90000
vt 0.25000 1.00000
vt 0.26562 0.00000
vt 0.26562 0.10000
vt 0.26562 0.20000
vt 0.26562 0.30000
vt 0.26562 0.40000
vt 0.26562 0.50000
vt 0.26562 0.60000
vt 0.26562 0.70000
vt 0.26562 0.80000
vt 0.26562 0.90000
vt 0.26562 1.00000
vt 0.28125 0.00000
vt 0.28125 0.10000
vt 0.28125 0.20000
vt 0.28125 0.30000
vt 0.28125 0.40000
vt 0.28125 0.50000
vt 0.28125 0.60000
vt 0.28125 0.70000
vt 0.28125 0.80000
vt 0.28125 0.90000
vt 0.28125 1.00000
vt 0.29688 0.00000
vt 0.29688 0.10000
vt 0.29688 0.20000
vt 0.29688 0.30000
vt 0.29688 0.40000
vt 0.29688 0.50000
vt 0.29688 0.60000
vt 0.29688 0.70000
vt 0.29688 0.80000
vt 0.29688 0.90000
vt 0.29688 1.00000
vt 0.31250 0.00000
vt 0.31250 0.10000
vt 0.31250 0.20000
vt 0.31250 0.30000
vt 0.31250 0.40000
vt 0.31250 0.50000
vt 0.31250 0.60000
vt 0.31250 0.70000
vt 0.31250 0.80000
vt 0.31250 0.90000
vt 0.31250 1.00000
vt 0.32812 0.00000
vt 0.32812 0.10000
vt 0.32812 0.20000
vt 0.32812 0.30000
vt 0.32812 0.40000
vt 0.32812 0.50000
vt 0.32812 0.60000
vt 0.32812 0.70000
vt 0.32812 0.80000
vt 0.32812 0.90000
vt 0.32812 1.00000
vt 0.34375 0.00000
vt 0.34375 0.10000
vt 0.34375 0.20000
vt 0.34375 0.30000
vt 0.34375 0.40000
vt 0.34375 0.50000
vt 0.34375 0.60000
vt 0.34375 0.70000
vt 0.34375 0.80000
vt 0.34375 0.90000
vt 0.34375 1.00000
vt 0.35938 0.00000
vt 0.35938 0.10000
vt 0.35938 0.20000
vt 0.35938 0.30000
vt 0.35938 0.40000
vt 0.35938 0.50000
vt 0.35938 0.60000
vt 0.35938 0.70000
vt 0.35938 0.80000
vt 0.35938 0.90000
vt 0.35938 1.00000
vt 0.37500 0.00000
vt 0.37500 0.10000
vt 0.37500 0.20000
vt 0.37500 0.30000
vt 0.37500 0.40000
vt 0.37500 0.50000
vt 0.37500 0.60000
vt 0.37500 0.70000
vt 0.37500 0.80000
vt 0.37500 0.90000
vt 0.37500 1.00000
vt 0.39062 0.00000
vt 0.39062 0.10000
vt 0.39062 0.20000
vt 0.39062 0.30000
vt 0.39062 0.40000
vt 0.39062 0.50000
vt 0.39062 0.60000
vt 0.39062 0.70000
vt 0.39062 0.80000
vt 0.39062 0.90000
vt 0.39062 1.00000
vt 0.40625 0.00000
vt 0.40625 0.10000
vt 0.40625 0.20000
vt 0.40625 0.30000
vt 0.40625 0.40000
vt 0.40625 0.50000
vt 0.40625 0.60000
vt 0.40625 0.70000
vt 0.40625 0.80000
vt 0.40625 0.90000
vt 0.40625 1.00000
vt 0.42188 0.00000
vt 0.42188 0.10000
vt 0.42188 0.20000
vt 0.42188 0.30000
vt 0.42188 0.40000
vt 0.42188 0.50000
vt 0.42188 0.60000
vt 0.42188 0.70000
vt 0.42188 0.80000
vt 0.42188 0.90000
vt 0.42188 1.00000
vt 0.43750 0.00000
vt 0.43750 0.10000
vt 0.43750 0.20000
vt 0.43750 0.30000
vt 0.43750 0.40000
vt 0.43750 0.50000
vt 0.43750 0.60000
vt 0.43750 0.70000
vt 0.43750 0.80000
vt 0.43750 0.90000
vt 0.43750 1.00000
vt 0.45312 0.00000
vt 0.45312 0.10000
vt 0.45312 0.20000
vt 0.45312 0.30000
vt 0.45312 0.40000
vt 0.45312 0.50000
vt 0.45312 0.60000
vt 0.45312 0.70000
vt 0.45312 0.80000
vt 0.45312 0.90000
vt 0.45312 1.00000
vt 0.46875 0.00000
vt 0.46875 0.10000
vt 0.46875 0.20000
vt 0.46875 0.30000
vt 0.46875 0.40000
vt 0.46875 0.50000
vt 0.46875 0.60000
vt 0.46875 0.70000
vt 0.46875 0.80000
vt 0.46875 0.90000
vt 0.46875 1.00000
vt 0.48438 0.00000
vt 0.48438 0.10000
vt 0.48438 0.20000
vt 0.48438 0.30000
vt 0.48438 0.40000
vt 0.48438 0.50000
vt 0.48438 0.60000
vt 0.48438 0.70000
vt 0.48438 0.80000
vt 0.48438 0.90000
vt 0.48438 1.00000
vt 0.50000 0.00000
vt 0.50000 0.10000
vt 0.50000 0.20000
vt 0.50000 0.30000
vt 0.50000 0.40000
vt 0.50000 0.50000
vt 0.50000 0.60000
vt 0.50000 0.70000
vt 0.50000 0.80000
vt 0.50000 0.90000
vt 0.50000 1.00000
vt 0.51562 0.00000
vt 0.51562 0.10000
vt 0.51562 0.20000
vt 0.51562 0.30000
vt 0.51562 0.40000
vt 0.51562 0.50000
vt 0.51562 0.60000
vt 0.51562 0.70000
vt 0.51562 0.80000
vt 0.51562 0.90000
vt 0.51562 1.00000
vt 0.53125 0.00000
vt 0.53125 0.10000
vt 0.53125 0.20000
vt 0.53125 0.30000
vt 0.53125 0.40000
vt 0.53125 0.50000
vt 0.53125 0.60000
vt 0.53125 0.70000
vt 0.53125 0.80000
vt 0.53125 0.90000
vt 0.53125 1.00000
vt 0.54688 0.00000
vt 0.54688 0.10000
vt 0.54688 0.20000
vt 0.54688 0.30000
vt 0.54688 0.40000
vt 0.54688 0.50000
vt 0.54688 0.60000
vt 0.54688 0.70000
vt 0.54688 0.80000
vt 0.54688 0.90000
vt 0.54688 1.00000
vt 0.56250 0.00000
vt 0.56250 0.10000
vt 0.56250 0.20000
vt 0.56250 0.30000
vt 0.56250 0.40000
vt 0.56250 0.50000
vt 0.56250 0.60000
vt 0.56250 0.70000
vt 0.56250 0.80000
vt 0.56250 0.90000
vt 0.56250 1.00000
vt 0.57812 0.00000
vt 0.57812 0.10000
vt 0.57812 0.20000
vt 0.57812 0.30000
vt 0.57812 0.40000
vt 0.57812 0.50000
vt 0.57812 0.60000
vt 0.57812 0.70000
vt 0.57812 0.80000
vt 0.57812 0.90000
vt 0.57812 1.00000
vt 0.59375 0.00000
vt 0.59375 0.10000
vt 0.59375 0.20000
vt 0.59375 0.30000
vt 0.59375 0.40000
vt 0.59375 0.50000
vt 0.59375 0.60000
vt 0.59375 0.70000
vt 0.59375 0.80000
vt 0.59375 0.90000
vt 0.59375 1.00000
vt 0.60938 0.00000
vt 0.60938 0.10000
vt 0.60938 0.20000
vt 0.60938 0.30000
vt 0.60938 0.40000
vt 0.60938 0.50000
vt 0.60938 0.60000
vt 0.60938 0.70000
vt 0.60938 0.80000
vt 0.60938 0.90000
vt 0.60938 1.00000
vt 0.62500 0.00000
vt 0.62500 0.10000
vt 0.62500 0.20000
vt 0.62500 0.30000
vt 0.62500 0.40000
vt 0.62500 0.50000
vt 0.62500 0.60000
vt 0.62500 0.70000
vt 0.62500 0.80000
vt 0.62500 0.90000
vt 0.62500 1.00000
vt 0.64062 0.00000
vt 0.64062 0.10000
vt 0.64062 0.20000
vt 0.64062 0.30000
vt 0.64062 0.40000
vt 0.64062 0.50000
vt 0.64062 0.60000
vt 0.64062 0.70000
vt 0.64062 0.80000
vt 0.64062 0.90000
vt 0.64062 1.00000
vt 0.65625 0.00000
vt 0.65625 0.10000
vt 0.65625 0.20000
vt 0.65625 0.30000
vt 0.65625 0.40000
vt 0.65625 0.50000
vt 0.65625 0.60000
vt 0.65625 0.70000
vt 0.65625 0.80000
vt 0.65625 0.90000
vt 0.65625 1.00000
vt 0.67188 0.00000
vt 0.67188 0.10000
vt 0.67188 0.20000
vt 0.67188 0.30000
vt 0.67188 0.40000
vt 0.67188 0.50000
vt 0.67188 0.60000
vt 0.67188 0.70000
vt 0.67188 0.80000
vt 0.67188 0.90000
vt 0.67188 1.00000
vt 0.68750 0.00000
vt 0.68750 0.10000
vt 0.68750 0.20000
vt 0.68750 0.30000
vt 0.68750 0.40000
vt 0.68750 0.50000
vt 0.68750 0.60000
vt 0.68750 0.70000
vt 0.68750 0.80000
vt 0.68750 0.90000
vt 0.68750 1.00000
vt 0.70312 0.00000
vt 0.70312 0.10000
vt 0.70312 0.20000
vt 0.70312 0.30000
vt 0.70312 0.40000
vt 0.70312 0.50000
vt 0.70312 0.60000
vt 0.70312 0.70000
vt 0.70312 0.80000
vt 0.70312 0.90000
vt 0.70312 1.00000
vt 0.71875 0.00000
vt 0.71875 0.10000
vt 0.71875 0.20000
vt 0.71875 0.30000
vt 0.71875 0.40000
vt 0.71875 0.50000
vt 0.71875 0.60000
vt 0.71875 0.70000
vt 0.71875 0.80000
vt 0.71875 0.90000
vt 0.71875 1.00000
vt 0.73438 0.00000
vt 0.73438 0.10000
vt 0.73438 0.20000
vt 0.73438 0.30000
vt 0.73438 0.40000
vt 0.73438 0.50000
vt 0.73438 0.60000
vt 0.73438 0.70000
vt 0.73438 0.80000
vt 0.73438 0.90000
vt 0.73438 1.00000
vt 0.75000 0.00000
vt 0.75000 0.10000
vt 0.75000 0.20000
vt 0.75000 0.30000
vt 0.75000 0.40000
vt 0.75000 0.50000
vt 0.75000 0.60000
vt 0.75000 0.70000
vt 0.75000 0.80000
vt 0.75000 0.90000
vt 0.75000 1.00000
vt 0.76562 0.00000
vt 0.76562 0.10000
vt 0.76562 0.20000
vt 0.76562 0.30000
vt 0.76562 0.40000
vt 0.76562 0.50000
vt 0.76562 0.60000
vt 0.76562 0.70000
vt 0.76562 0.80000
vt 0.76562 0.90000
vt 0.76562 1.00000
vt 0.78125 0.00000
vt 0.78125 0.10000
vt 0.78125 0.20000
vt 0.78125 0.30000
vt 0.78125 0.40000
vt 0.78125 0.50000
vt 0.78125 0.60000
vt 0.78125 0.70000
vt 0.78125 0.80000
vt 0.78125 0.90000
vt 0.78125 1.00000
vt 0.79688 0.00000
vt 0.79688 0.10000
vt 0.79688 0.20000
vt 0.79688 0.30000
vt 0.79688 0.40000
vt 0.79688 0.50000
vt 0.79688 0.60000
vt 0.79688 0.70000
vt 0.79688 0.80000
vt 0.79688 0.90000
vt 0.79688 1.00000
vt 0.81250 0.00000
vt 0.81250 0.10000
vt 0.81250 0.20000
vt 0.81250 0.30000
vt 0.81250 0.40000
vt 0.81250 0.50000
vt 0.81250 0.60000
vt 0.81250 0.70000
vt 0.81250 0.80000
vt 0.81250 0.90000
vt 0.81250 1.00000
vt 0.82812 0.00000
vt 0.82812 0.10000
vt 0.82812 0.20000
vt 0.82812 0.30000
vt 0.82812 0.40000
vt 0.82812 0.50000
vt 0.82812 0.60000
vt 0.82812 0.70000
vt 0.82812 0.80000
vt 0.82812 0.90000
vt 0.82812 1.00000
vt 0.84375 0.00000
vt 0.84375 0.10000
vt 0.84375 0.20000
vt 0.84375 0.30000
vt 0.84375 0.40000
vt 0.84375 0.50000
vt 0.84375 0.60000
vt 0.84375 0.70000
vt 0.84375 0.80000
vt 0.84375 0.90000
vt 0.84375 1.00000
vt 0.85938 0.00000
vt 0.85938 0.10000
vt 0.85938 0.20000
vt 0.85938 0.30000
vt 0.85938 0.40000
vt 0.85938 0.50000
vt 0.85938 0.60000
vt 0.85938 0.70000
vt 0.85938 0.80000
vt 0.85938 0.90000
vt 0.85938 1.00000
vt 0.87500 0.00000
vt 0.87500 0.10000
vt 0.87500 0.20000
vt 0.87500 0.30000
vt 0.87500 0.40000
vt 0.87500 0.50000
vt 0.87500 0.60000
vt 0.87500 0.70000
vt 0.87500 0.80000
vt 0.87500 0.90000
vt 0.87500 1.00000
vt 0.89062 0.00000
vt 0.89062 0.10000
vt 0.89062 0.20000
vt 0.89062 0.30000
vt 0.89062 0.40000
vt 0.89062 0.50000
vt 0.89062 0.60000
vt 0.89062 0.70000
vt 0.89062 0.80000
vt 0.89062 0.90000
vt 0.89062 1.00000
vt 0.90625 0.00000
vt 0.90625 0.10000
vt 0.90625 0.20000
vt 0.90625 0.30000
vt 0.90625 0.40000
vt 0.90625 0.50000
vt 0.90625 0.60000
vt 0.90625 0.70000
vt 0.90625 0.80000
vt 0.90625 0.90000
vt 0.90625 1.00000
vt 0.92188 0.00000
vt 0.92188 0.10000
vt 0.92188 0.20000
vt 0.92188 0.30000
vt 0.92188 0.40000
vt 0.92188 0.50000
vt 0.92188 0.60000
vt 0.92188 0.70000
vt 0.92188 0.80000
vt 0.92188 0.90000
vt 0.92188 1.00000
vt 0.93750 0.00000
vt 0.93750 0.10000
vt 0.93750 0.20000
vt 0.93750 0.30000
vt 0.93750 0.40000
vt 0.93750 0.50000
vt 0.93750 0.60000
vt 0.93750 0.70000
vt 0.93750 0.80000
vt 0.93750 0.90000
vt 0.93750 1.00000
vt 0.95312 0.00000
vt 0.95312 0.10000
vt 0.95312 0.20000
vt 0.95312 0.30000
vt 0.95312 0.40000
vt 0.95312 0.50000
vt 0.95312 0.60000
vt 0.95312 0.70000
vt 0.95312 0.80000
vt 0.95312 0.90000
vt 0.95312 1.00000
vt 0.96875 0.00000
vt 0.96875 0.10000
vt 0.96875 0.20000
vt 0.96875 0.30000
vt 0.96875 0.40000
vt 0.96875 0.50000
vt 0.96875 0.60000
vt 0.96875 0.70000
vt 0.96875 0.80000
vt 0.96875 0.90000
vt 0.96875 1.00000
vt 0.98438 0.00000
vt 0.98438 0.10000
vt 0.98438 0.20000
vt 0.98438 0.30000
vt 0.98438 0.40000
vt 0.98438 0.50000
vt 0.98438 0.60000
vt 0.98438 0.70000
vt 0.98438 0.80000
vt 0.98438 0.90000
vt 0.98438 1.00000
vt 1.00000 0.00000
vt 1.00000 0.10000
vt 1.00000 0.20000
vt 1.00000 0.30000
vt 1.00000 0.40000
vt 1.00000 0.50000
vt 1.00000 0.60000
vt 1.00000 0.70000
vt 1.00000 0.80000
vt 1.00000 0.90000
vt 1.00000 1.00000
vn -0.95002 -0.30868 -0.04667
vn -0.80838 -0.58732 -0.03971
vn -0.30898 -0.95095 -0.01518
vn 0.30898 -0.95095 0.01518
vn 0.80838 -0.58732 0.03971
vn 0.99880 0.00000 0.04907
vn 0.80838 0.58732 0.03971
vn 0.30898 0.95095 0.01518
vn -0.30898 0.95095 -0.01518
vn -0.80838 0.58732 -0.03971
vn -0.95002 0.30868 -0.04667
vn -0.94648 -0.30902 -0.09322
vn -0.80512 -0.58779 -0.07930
vn -0.30753 -0.95106 -0.03029
vn 0.30753 -0.95106 0.03029
vn 0.80512 -0.58779 0.07930
vn 0.99518 0.00000 0.09802
vn 0.80512 0.58779 0.07930
vn 0.30753 0.95106 0.03029
vn -0.30753 0.95106 -0.03029
vn -0.80512 0.58779 -0.07930
vn -0.94648 0.30902 -0.09322
vn -0.93278 -0.30902 -0.18554
vn -0.79347 -0.58779 -0.15783
vn -0.30308 -0.95106 -0.06029
vn 0.30308 -0.95106 0.06029
vn 0.79347 -0.58779 0.15783
vn 0.98079 0.00000 0.19509
vn 0.79347 0.58779 0.15783
vn 0.30308 0.95106 0.06029
vn -0.30308 0.95106 -0.06029
vn -0.79347 0.58779 -0.15783
vn -0.93278 0.30902 -0.18554
vn -0.91010 -0.30902 -0.27608
vn -0.77418 -0.58779 -0.23485
vn -0.29571 -0.95106 -0.08970
vn 0.29571 -0.95106 0.08970
vn 0.77418 -0.58779 0.23485
vn 0.95694 0.00000 0.29028
vn 0.77418 0.58779 0.23485
vn 0.29571 0.95106 0.08970
vn -0.29571 0.95106 -0.08970
vn -0.77418 0.58779 -0.23485
vn -0.91010 0.30902 -0.27608
vn -0.87866 -0.30902 -0.36395
vn -0.74743 -0.58779 -0.30960
vn -0.28549 -0.95106 -0.11826
vn 0.28549 -0.95106 0.11826
vn 0.74743 -0.58779 0.30960
vn 0.92388 0.00000 0.38268
vn 0.74743 0.58779 0.30960
vn 0.28549 0.95106 0.11826
vn -0.28549 0.95106 -0.11826
vn -0.74743 0.58779 -0.30960
vn -0.87866 0.30902 -0.36395
vn -0.83876 -0.30902 -0.44832
vn -0.71349 -0.58779 -0.38137
vn -0.27253 -0.95106 -0.14567
vn 0.27253 -0.95106 0.14567
vn 0.71349 -0.58779 0.38137
vn 0.88192 0.00000 0.47140
vn 0.71349 0.58779 0.38137
vn 0.27253 0.95106 0.14567
vn -0.27253 0.95106 -0.14567
vn -0.71349 0.58779 -0.38137
vn -0.83876 0.30902 -0.44832
vn -0.79077 -0.30902 -0.52838
vn -0.67267 -0.58779 -0.44947
vn -0.25694 -0.95106 -0.17168
vn 0.25694 -0.95106 0.17168
vn 0.67267 -0.58779 0.44947
vn 0.83147 0.00000 0.55557
vn 0.67267 0.58779 0.44947
vn 0.25694 0.95106 0.17168
vn -0.25694 0.95106 -0.17168
vn -0.67267 0.58779 -0.44947
vn -0.79077 0.30902 -0.52838
vn -0.73518 -0.30902 -0.60334
vn -0.62538 -0.58779 -0.51323
vn -0.23887 -0.95106 -0.19604
vn 0.23887 -0.95106 0.19604
vn 0.62538 -0.58779 0.51323
vn 0.77301 0.00000 0.63439
vn 0.62538 0.58779 0.51323
vn 0.23887 0.95106 0.19604
vn -0.23887 0.95106 -0.19604
vn -0.62538 0.58779 -0.51323
vn -0.73518 0.30902 -0.60334
vn -0.67250 -0.30902 -0.67250
vn -0.57206 -0.58779 -0.57206
vn -0.21851 -0.95106 -0.21851
vn 0.21851 -0.95106 0.21851
vn 0.57206 -0.58779 0.57206
vn 0.70711 0.00000 0.70711
vn 0.57206 0.58779 0.57206
vn 0.21851 0.95106 0.21851
vn -0.21851 0.95106 -0.21851
vn -0.57206 0.58779 -0.57206
vn -0.67250 0.30902 -0.67250
vn -0.60334 -0.30902 -0.73518
vn -0.51323 -0.58779 -0.62538
vn -0.19604 -0.95106 -0.23887
vn 0.19604 -0.95106 0.23887
vn 0.51323 -0.58779 0.62538
vn 0.63439 0.00000 0.77301
vn 0.51323 0.58779 0.62538
vn 0.19604 0.95106 0.23887
vn -0.19604 0.95106 -0.23887
vn -0.51323 0.58779 -0.62538
vn -0.60334 0.30902 -0.73518
vn -0.52838 -0.30902 -0.79077
vn -0.44947 -0.58779 -0.67267
vn -0.17168 -0.95106 -0.25694
vn 0.17168 -0.95106 0.25694
vn 0.44947 -0.58779 0.67267
vn 0.55557 0.00000 0.83147
vn 0.44947 0.58779 0.67267
vn 0.17168 0.95106 0.25694
vn -0.17168 0.95106 -0.25694
vn -0.44947 0.58779 -0.67267
vn -0.52838 0.30902 -0.79077
vn -0.44832 -0.30902 -0.83876
vn -0.38137 -0.58779 -0.71349
vn -0.14567 -0.95106 -0.27253
vn 0.14567 -0.95106 0.27253
vn 0.38137 -0.58779 0.71349
vn 0.47140 0.00000 0.88192
vn 0.38137 0.58779 0.71349
vn 0.14567 0.95106 0.27253
vn -0.14567 0.95106 -0.27253
vn -0.38137 0.58779 -0.71349
vn -0.44832 0.30902 -0.83876
vn -0.36395 -0.30902 -0.87866
vn -0.30960 -0.58779 -0.74743
vn -0.11826 -0.95106 -0.28549
vn 0.11826 -0.95106 0.28549
vn 0.30960 -0.58779 0.74743
vn 0.38268 0.00000 0.92388
vn 0.30960 0.58779 0.74743
vn 0.11826 0.95106 0.28549
vn -0.11826 0.95106 -0.28549
vn -0.30960 0.58779 -0.74743
vn -0.36395 0.30902 -0.87866
vn -0.27608 -0.30902 -0.91010
vn -0.23485 -0.58779 -0.77418
vn -0.08970 -0.95106 -0.29571
vn 0.08970 -0.95106 0.29571
vn 0.23485 -0.58779 0.77418
vn 0.29028 0.00000 0.95694
vn 0.23485 0.58779 0.77418
vn 0.08970 0.95106 0.29571
vn -0.08970 0.95106 -0.29571
vn -0.23485 0.58779 -0.77418
vn -0.27608 0.30902 -0.91010
vn -0.18554 -0.30902 -0.93278
vn -0.15783 -0.58779 -0.79347
vn -0.06029 -0.95106 -0.30308
vn 0.06029 -0.95106 0.30308
vn 0.15783 -0.58779 0.79347
vn 0.19509 0.00000 0.98079
vn 0.15783 0.58779 0.79347
vn 0.06029 0.95106 0.30308
vn -0.06029 0.95106 -0.30308
vn -0.15783 0.58779 -0.79347
vn -0.18554 0.30902 -0.93278
vn -0.09322 -0.30902 -0.94648
vn -0.07930 -0.58779 -0.80512
vn -0.03029 -0.95106 -0.30753
vn 0.03029 -0.95106 0.30753
vn 0.07930 -0.58779 0.80512
vn 0.09802 0.00000 0.99518
vn 0.07930 0.58779 0.80512
vn 0.03029 0.95106 0.30753
vn -0.03029 0.95106 -0.30753
vn -0.07930 0.58779 -0.80512
vn -0.09322 0.30902 -0.94648
vn -0.00000 -0.30902 -0.95106
vn -0.00000 -0.58779 -0.80902
vn -0.00000 -0.95106 -0.30902
vn 0.00000 -0.95106 0.30902
vn 0.00000 -0.58779 0.80902
vn 0.00000 0.00000 1.00000
vn 0.00000 0.58779 0.80902
vn 0.00000 0.95106 0.30902
vn -0.00000 0.95106 -0.30902
vn 0.00000 0.58779 -0.80902
vn -0.00000 0.30902 -0.95106
vn 0.09322 -0.30902 -0.94648
vn 0.07930 -0.58779 -0.80512
vn 0.03029 -0.95106 -0.30753
vn -0.03029 -0.95106 0.30753
vn -0.07930 -0.58779 0.80512
vn -0.09802 0.00000 0.99518
vn -0.07930 0.58779 0.80512
vn -0.03029 0.95106 0.30753
vn 0.03029 0.95106 -0.30753
vn 0.07930 0.58779 -0.80512
vn 0.09322 0.30902 -0.94648
vn 0.18554 -0.30902 -0.93278
vn 0.15783 -0.58779 -0.79347
vn 0.06029 -0.95106 -0.30308
vn -0.06029 -0.95106 0.30308
vn -0.15783 -0.58779 0.79347
vn -0.19509 0.00000 0.98079
vn -0.15783 0.58779 0.79347
vn -0.06029 0.95106 0.30308
vn 0.06029 0.95106 -0.30308
vn 0.15783 0.58779 -0.79347
vn 0.18554 0.30902 -0.93278
vn 0.27608 -0.30902 -0.91010
vn 0.23485 -0.58779 -0.77418
vn 0.08970 -0.95106 -0.29571
vn -0.08970 -0.95106 0.29571
vn -0.23485 -0.58779 0.77418
vn -0.29028 0.00000 0.95694
vn -0.23485 0.58779 0.77418
vn -0.08970 0.95106 0.29571
vn 0.08970 0.95106 -0.29571
vn 0.23485 0.58779 -0.77418
vn 0.27608 0.30902 -0.91010
vn 0.36395 -0.30902 -0.87866
vn 0.30960 -0.58779 -0.74743
vn 0.11826 -0.95106 -0.28549
vn -0.11826 -0.95106 0.28549
vn -0.30960 -0.58779 0.74743
vn -0.38268 0.00000 0.92388
vn -0.30960 0.58779 0.74743
vn -0.11826 0.95106 0.28549
vn 0.11826 0.95106 -0.28549
vn 0.30960 0.58779 -0.74743
vn 0.36395 0.30902 -0.87866
vn 0.44832 -0.30902 -0.83876
vn 0.38137 -0.58779 -0.71349
vn 0.14567 -0.95106 -0.27253
vn -0.14567 -0.95106 0.27253
vn -0.38137 -0.58779 0.71349
vn -0.47140 0.00000 0.88192
vn -0.38137 0.58779 0.71349
vn -0.14567 0.95106 0.27253
vn 0.14567 0.95106 -0.27253
vn 0.38137 0.58779 -0.71349
vn 0.44832 0.30902 -0.83876
vn 0.52838 -0.30902 -0.79077
vn 0.44947 -0.58779 -0.67267
vn 0.17168 -0.95106 -0.25694
vn -0.17168 -0.95106 0.25694
vn -0.44947 -0.58779 0.67267
vn -0.55557 0.00000 0.83147
vn -0.44947 0.58779 0.67267
vn -0.17168 0.95106 0.25694
vn 0.17168 0.95106 -0.25694
vn 0.44947 0.58779 -0.67267
vn 0.52838 0.30902 -0.79077
vn 0.60334 -0.30902 -0.73518
vn 0.51323 -0.58779 -0.62538
vn 0.19604 -0.95106 -0.23887
vn -0.19604 -0.95106 0.23887
vn -0.51323 -0.58779 0.62538
vn -0.63439 0.00000 0.77301
vn -0.51323 0.58779 0.62538
vn -0.19604 0.95106 0.23887
vn 0.19604 0.95106 -0.23887
vn 0.51323 0.58779 -0.62538
vn 0.60334 0.30902 -0.73518
vn 0.67250 -0.30902 -0.67250
vn 0.57206 -0.58779 -0.57206
vn 0.21851 -0.95106 -0.21851
vn -0.21851 -0.95106 0.21851
vn -0.57206 -0.58779 0.57206
vn -0.70711 0.00000 0.70711
vn -0.57206 0.58779 0.57206
vn -0.21851 0.95106 0.21851
vn 0.21851 0.95106 -0.21851
vn 0.57206 0.58779 -0.57206
vn 0.67250 0.30902 -0.67250
vn 0.73518 -0.30902 -0.60334
vn 0.62538 -0.58779 -0.51323
vn 0.23887 -0.95106 -0.19604
vn -0.23887 -0.95106 0.19604
vn -0.62538 -0.58779 0.51323
vn -0.77301 0.00000 0.63439
vn -0.62538 0.58779 0.51323
vn -0.23887 0.95106 0.19604
vn 0.23887 0.95106 -0.19604
vn 0.62538 0.58779 -0.51323
vn 0.73518 0.30902 -0.60334
vn 0.79077 -0.30902 -0.52838
vn 0.67267 -0.58779 -0.44947
vn 0.25694 -0.95106 -0.17168
vn -0.25694 -0.95106 0.17168
vn -0.67267 -0.58779 0.44947
vn -0.83147 0.00000 0.55557
vn -0.67267 0.58779 0.44947
vn -0.25694 0.95106 0.17168
vn 0.25694 0.95106 -0.17168
vn 0.67267 0.58779 -0.44947
vn 0.79077 0.30902 -0.52838
vn 0.83876 -0.30902 -0.44832
vn 0.71349 -0.58779 -0.38137
vn 0.27253 -0.95106 -0.14567
vn -0.27253 -0.95106 0.14567
vn -0.71349 -0.58779 0.38137
vn -0.88192 0.00000 0.47140
vn -0.71349 0.58779 0.38137
vn -0.27253 0.95106 0.14567
vn 0.27253 0.95106 -0.14567
vn 0.71349 0.58779 -0.38137
vn 0.83876 0.30902 -0.44832
vn 0.87866 -0.30902 -0.36395
vn 0.74743 -0.58779 -0.30960
vn 0.28549 -0.95106 -0.11826
vn -0.28549 -0.95106 0.11826
vn -0.74743 -0.58779 0.30960
vn -0.92388 0.00000 0.38268
vn -0.74743 0.58779 0.30960
vn -0.28549 0.95106 0.11826
vn 0.28549 0.95106 -0.11826
vn 0.74743 0.58779 -0.30960
vn 0.87866 0.30902 -0.36395
vn 0.91010 -0.30902 -0.27608
vn 0.77418 -0.58779 -0.23485
vn 0.29571 -0.95106 -0.08970
vn -0.29571 -0.95106 0.08970
vn -0.77418 -0.58779 0.23485
vn -0.95694 0.00000 0.29028
vn -0.77418 0.58779 0.23485
vn -0.29571 0.95106 0.08970
vn 0.29571 0.95106 -0.08970
vn 0.77418 0.58779 -0.23485
vn 0.91010 0.30902 -0.27608
vn 0.93278 -0.30902 -0.18554
vn 0.79347 -0.58779 -0.15783
vn 0.30308 -0.95106 -0.06029
vn -0.30308 -0.95106 0.06029
vn -0.79347 -0.58779 0.15783
vn -0.98079 0.00000 0.19509
vn -0.79347 0.58779 0.15783
vn -0.30308 0.95106 0.06029
vn 0.30308 0.95106 -0.06029
vn 0.79347 0.58779 -0.15783
vn 0.93278 0.30902 -0.18554
vn 0.94648 -0.30902 -0.09322
vn 0.80512 -0.58779 -0.07930
vn 0.30753 -0.95106 -0.03029
vn -0.30753 -0.95106 0.03029
vn -0.80512 -0.58779 0.07930
vn -0.99518 0.00000 0.09802
vn -0.80512 0.58779 0.07930
vn -0.30753 0.95106 0.03029
vn 0.30753 0.95106 -0.03029
vn 0.80512 0.58779 -0.07930
vn 0.94648 0.30902 -0.09322
vn 0.95106 -0.30902 -0.00000
vn 0.80902 -0.58779 0.00000
vn 0.30902 -0.95106 -0.00000
vn -0.30902 -0.95106 0.00000
vn -0.80902 -0.58779 0.00000
vn -1.00000 -0.00000 -0.00000
vn -0.80902 0.58779 0.00000
vn -0.30902 0.95106 0.00000
vn 0.30902 0.95106 -0.00000
vn 0.80902 0.58779 0.00000
vn 0.95106 0.30902 -0.00000
vn 0.94648 -0.30902 0.09322
vn 0.80512 -0.58779 0.07930
vn 0.30753 -0.95106 0.03029
vn -0.30753 -0.95106 -0.03029
vn -0.80512 -0.58779 -0.07930
vn -0.99518 -0.00000 -0.09802
vn -0.80512 0.58779 -0.07930
vn -0.30753 0.95106 -0.03029
vn 0.30753 0.95106 0.03029
vn 0.80512 0.58779 0.07930
vn 0.94648 0.30902 0.09322
vn 0.93278 -0.30902 0.18554
vn 0.79347 -0.58779 0.15783
vn 0.30308 -0.95106 0.06029
vn -0.30308 -0.95106 -0.06029
vn -0.79347 -0.58779 -0.15783
vn -0.98079 -0.00000 -0.19509
vn -0.79347 0.58779 -0.15783
vn -0.30308 0.95106 -0.06029
vn 0.30308 0.95106 0.06029
vn 0.79347 0.58779 0.15783
vn 0.93278 0.30902 0.18554
vn 0.91010 -0.30902 0.27608
vn 0.77418 -0.58779 0.23485
vn 0.29571 -0.95106 0.08970
vn -0.29571 -0.95106 -0.08970
vn -0.77418 -0.58779 -0.23485
vn -0.95694 -0.00000 -0.29028
vn -0.77418 0.58779 -0.23485
vn -0.29571 0.95106 -0.08970
vn 0.29571 0.95106 0.08970
vn 0.77418 0.58779 0.23485
vn 0.91010 0.30902 0.27608
vn 0.87866 -0.30902 0.36395
vn 0.74743 -0.58779 0.30960
vn 0.28549 -0.95106 0.11826
vn -0.28549 -0.95106 -0.11826
vn -0.74743 -0.58779 -0.30960
vn -0.92388 -0.00000 -0.38268
vn -0.74743 0.58779 -0.30960
vn -0.28549 0.95106 -0.11826
vn 0.28549 0.95106 0.11826
vn 0.74743 0.58779 0.30960
vn 0.87866 0.30902 0.36395
vn 0.83876 -0.30902 0.44832
vn 0.71349 -0.58779 0.38137
vn 0.27253 -0.95106 0.14567
vn -0.27253 -0.95106 -0.14567
vn -0.71349 -0.58779 -0.38137
vn -0.88192 -0.00000 -0.47140
vn -0.71349 0.58779 -0.38137
vn -0.27253 0.95106 -0.14567
vn 0.27253 0.95106 0.14567
vn 0.71349 0.58779 0.38137
vn 0.83876 0.30902 0.44832
vn 0.79077 -0.30902 0.52838
vn 0.67267 -0.58779 0.44947
vn 0.25694 -0.95106 0.17168
vn -0.25694 -0.95106 -0.17168
vn -0.67267 -0.58779 -0.44947
vn -0.83147 -0.00000 -0.55557
vn -0.67267 0.58779 -0.44947
vn -0.25694 0.95106 -0.17168
vn 0.25694 0.95106 0.17168
vn 0.67267 0.58779 0.44947
vn 0.79077 0.30902 0.52838
vn 0.73518 -0.30902 0.60334
vn 0.62538 -0.58779 0.51323
vn 0.23887 -0.95106 0.19604
vn -0.23887 -0.95106 -0.19604
vn -0.62538 -0.58779 -0.51323
vn -0.77301 -0.00000 -0.63439
vn -0.62538 0.58779 -0.51323
vn -0.23887 0.95106 -0.19604
vn 0.23887 0.95106 0.19604
vn 0.62538 0.58779 0.51323
vn 0.73518 0.30902 0.60334
vn 0.67250 -0.30902 0.67250
vn 0.57206 -0.58779 0.57206
vn 0.21851 -0.95106 0.21851
vn -0.21851 -0.95106 -0.21851
vn -0.57206 -0.58779 -0.57206
vn -0.70711 -0.00000 -0.70711
vn -0.57206 0.58779 -0.57206
vn -0.21851 0.95106 -0.21851
vn 0.21851 0.95106 0.21851
vn 0.57206 0.58779 0.57206
vn 0.67250 0.30902 0.67250
vn 0.60334 -0.30902 0.73518
vn 0.51323 -0.58779 0.62538
vn 0.19604 -0.95106 0.23887
vn -0.19604 -0.95106 -0.23887
vn -0.51323 -0.58779 -0.62538
vn -0.63439 -0.00000 -0.77301
vn -0.51323 0.58779 -0.62538
vn -0.19604 0.95106 -0.23887
vn 0.19604 0.95106 0.23887
vn 0.51323 0.58779 0.62538
vn 0.60334 0.30902 0.73518
vn 0.52838 -0.30902 0.79077
vn 0.44947 -0.58779 0.67267
vn 0.17168 -0.95106 0.25694
vn -0.17168 -0.95106 -0.25694
vn -0.44947 -0.58779 -0.67267
vn -0.55557 -0.00000 -0.83147
vn -0.44947 0.58779 -0.67267
vn -0.17168 0.95106 -0.25694
vn 0.17168 0.95106 0.25694
vn 0.44947 0.58779 0.67267
vn 0.52838 0.30902 0.79077
vn 0.44832 -0.30902 0.83876
vn 0.38137 -0.58779 0.71349
vn 0.14567 -0.95106 0.27253
vn -0.14567 -0.95106 -0.27253
vn -0.38137 -0.58779 -0.71349
vn -0.47140 -0.00000 -0.88192
vn -0.38137 0.58779 -0.71349
vn -0.14567 0.95106 -0.27253
vn 0.14567 0.95106 0.27253
vn 0.38137 0.58779 0.71349
vn 0.44832 0.30902 0.83876
vn 0.36395 -0.30902 0.87866
vn 0.30960 -0.58779 0.74743
vn 0.11826 -0.95106 0.28549
vn -0.11826 -0.95106 -0.28549
vn -0.30960 -0.58779 -0.74743
vn -0.38268 -0.00000 -0.92388
vn -0.30960 0.58779 -0.74743
vn -0.11826 0.95106 -0.28549
vn 0.11826 0.95106 0.28549
vn 0.30960 0.58779 0.74743
vn 0.36395 0.30902 0.87866
vn 0.27608 -0.30902 0.91010
vn 0.23485 -0.58779 0.77418
vn 0.08970 -0.95106 0.29571
vn -0.08970 -0.95106 -0.29571
vn -0.23485 -0.58779 -0.77418
vn -0.29028 -0.00000 -0.95694
vn -0.23485 0.58779 -0.77418
vn -0.08970 0.95106 -0.29571
vn 0.08970 0.95106 0.29571
vn 0.23485 0.58779 0.77418
vn 0.27608 0.30902 0.91010
vn 0.18554 -0.30902 0.93278
vn 0.15783 -0.58779 0.79347
vn 0.06029 -0.95106 0.30308
vn -0.06029 -0.95106 -0.30308
vn -0.15783 -0.58779 -0.79347
vn -0.19509 -0.00000 -0.98079
vn -0.15783 0.58779 -0.79347
vn -0.06029 0.95106 -0.30308
vn 0.06029 0.95106 0.30308
vn 0.15783 0.58779 0.79347
vn 0.18554 0.30902 0.93278
vn 0.09322 -0.30902 0.94648
vn 0.07930 -0.58779 0.80512
vn 0.03029 -0.95106 0.30753
vn -0.03029 -0.95106 -0.30753
vn -0.07930 -0.58779 -0.80512
vn -0.09802 -0.00000 -0.99518
vn -0.07930 0.58779 -0.80512
vn -0.03029 0.95106 -0.30753
vn 0.03029 0.95106 0.30753
vn 0.07930 0.58779 0.80512
vn 0.09322 0.30902 0.94648
vn 0.00000 -0.30902 0.95106
vn 0.00000 -0.58779 0.80902
vn 0.00000 -0.95106 0.30902
vn 0.00000 -0.95106 -0.30902
vn 0.00000 -0.58779 -0.80902
vn 0.00000 0.00000 -1.00000
vn 0.00000 0.58779 -0.80902
vn 0.00000 0.95106 -0.30902
vn -0.00000 0.95106 0.30902
vn -0.00000 0.58779 0.80902
vn -0.00000 0.30902 0.95106
vn -0.09322 -0.30902 0.94648
vn -0.07930 -0.58779 0.80512
vn -0.03029 -0.95106 0.30753
vn 0.03029 -0.95106 -0.30753
vn 0.07930 -0.58779 -0.80512
vn 0.09802 0.00000 -0.99518
vn 0.07930 0.58779 -0.80512
vn 0.03029 0.95106 -0.30753
vn -0.03029 0.95106 0.30753
vn -0.07930 0.58779 0.80512
vn -0.09322 0.30902 0.94648
vn -0.18554 -0.30902 0.93278
vn -0.15783 -0.58779 0.79347
vn -0.06029 -0.95106 0.30308
vn 0.06029 -0.95106 -0.30308
vn 0.15783 -0.58779 -0.79347
vn 0.19509 0.00000 -0.98079
vn 0.15783 0.58779 -0.79347
vn 0.06029 0.95106 -0.30308
vn -0.06029 0.95106 0.30308
vn -0.15783 0.58779 0.79347
vn -0.18554 0.30902 0.93278
vn -0.27608 -0.30902 0.91010
vn -0.23485 -0.58779 0.77418
vn -0.08970 -0.95106 0.29571
vn 0.08970 -0.95106 -0.29571
vn 0.23485 -0.58779 -0.77418
vn 0.29028 0.00000 -0.95694
vn 0.23485 0.58779 -0.77418
vn 0.08970 0.95106 -0.29571
vn -0.08970 0.95106 0.29571
vn -0.23485 0.58779 0.77418
vn -0.27608 0.30902 0.91010
vn -0.36395 -0.30902 0.87866
vn -0.30960 -0.58779 0.74743
vn -0.11826 -0.95106 0.28549
vn 0.11826 -0.95106 -0.28549
vn 0.30960 -0.58779 -0.74743
vn 0.38268 0.00000 -0.92388
vn 0.30960 0.58779 -0.74743
vn 0.11826 0.95106 -0.28549
vn -0.11826 0.95106 0.28549
vn -0.30960 0.58779 0.74743
vn -0.36395 0.30902 0.87866
vn -0.44832 -0.30902 0.83876
vn -0.38137 -0.58779 0.71349
vn -0.14567 -0.95106 0.27253
vn 0.14567 -0.95106 -0.27253
vn 0.38137 -0.58779 -0.71349
vn 0.47140 0.00000 -0.88192
vn 0.38137 0.58779 -0.71349
vn 0.14567 0.95106 -0.27253
vn -0.14567 0.95106 0.27253
vn -0.38137 0.58779 0.71349
vn -0.44832 0.30902 0.83876
vn -0.52838 -0.30902 0.79077
vn -0.44947 -0.58779 0.67267
vn -0.17168 -0.95106 0.25694
vn 0.17168 -0.95106 -0.25694
vn 0.44947 -0.58779 -0.67267
vn 0.55557 0.00000 -0.83147
vn 0.44947 0.58779 -0.67267
vn 0.17168 0.95106 -0.25694
vn -0.17168 0.95106 0.25694
vn -0.44947 0.58779 0.67267
vn -0.52838 0.30902 0.79077
vn -0.60334 -0.30902 0.73518
vn -0.51323 -0.58779 0.62538
vn -0.19604 -0.95106 0.23887
vn 0.19604 -0.95106 -0.23887
vn 0.51323 -0.58779 -0.62538
vn 0.63439 0.00000 -0.77301
vn 0.51323 0.58779 -0.62538
vn 0.19604 0.95106 -0.23887
vn -0.19604 0.95106 0.23887
vn -0.51323 0.58779 0.62538
vn -0.60334 0.30902 0.73518
vn -0.67250 -0.30902 0.67250
vn -0.57206 -0.58779 0.57206
vn -0.21851 -0.95106 0.21851
vn 0.21851 -0.95106 -0.21851
vn 0.57206 -0.58779 -0.57206
vn 0.70711 0.00000 -0.70711
vn 0.57206 0.58779 -0.57206
vn 0.21851 0.95106 -0.21851
vn -0.21851 0.95106 0.21851
vn -0.57206 0.58779 0.57206
vn -0.67250 0.30902 0.67250
vn -0.73518 -0.30902 0.60334
vn -0.62538 -0.58779 0.51323
vn -0.23887 -0.95106 0.19604
vn 0.23887 -0.95106 -0.19604
vn 0.62538 -0.58779 -0.51323
vn 0.77301 0.00000 -0.63439
vn 0.62538 0.58779 -0.51323
vn 0.23887 0.95106 -0.19604
vn -0.23887 0.95106 0.19604
vn -0.62538 0.58779 0.51323
vn -0.73518 0.30902 0.60334
vn -0.79077 -0.30902 0.52838
vn -0.67267 -0.58779 0.44947
vn -0.25694 -0.95106 0.17168
vn 0.25694 -0.95106 -0.17168
vn 0.67267 -0.58779 -0.44947
vn 0.83147 0.00000 -0.55557
vn 0.67267 0.58779 -0.44947
vn 0.25694 0.95106 -0.17168
vn -0.25694 0.95106 0.17168
vn -0.67267 0.58779 0.44947
vn -0.79077 0.30902 0.52838
vn -0.83876 -0.30902 0.44832
vn -0.71349 -0.58779 0.38137
vn -0.27253 -0.95106 0.14567
vn 0.27253 -0.95106 -0.14567
vn 0.71349 -0.58779 -0.38137
vn 0.88192 0.00000 -0.47140
vn 0.71349 0.58779 -0.38137
vn 0.27253 0.95106 -0.14567
vn -0.27253 0.95106 0.14567
vn -0.71349 0.58779 0.38137
vn -0.83876 0.30902 0.44832
vn -0.87866 -0.30902 0.36395
vn -0.74743 -0.58779 0.30960
vn -0.28549 -0.95106 0.11826
vn 0.28549 -0.95106 -0.11826
vn 0.74743 -0.58779 -0.30960
vn 0.92388 0.00000 -0.38268
vn 0.74743 0.58779 -0.30960
vn 0.28549 0.95106 -0.11826
vn -0.28549 0.95106 0.11826
vn -0.74743 0.58779 0.30960
vn -0.87866 0.30902 0.36395
vn -0.91010 -0.30902 0.27608
vn -0.77418 -0.58779 0.23485
vn -0.29571 -0.95106 0.08970
vn 0.29571 -0.95106 -0.08970
vn 0.77418 -0.58779 -0.23485
vn 0.95694 0.00000 -0.29028
vn 0.77418 0.58779 -0.23485
vn 0.29571 0.95106 -0.08970
vn -0.29571 0.95106 0.08970
vn -0.77418 0.58779 0.23485
vn -0.91010 0.30902 0.27608
vn -0.93278 -0.30902 0.18554
vn -0.79347 -0.58779 0.15783
vn -0.30308 -0.95106 0.06029
vn 0.30308 -0.95106 -0.06029
vn 0.79347 -0.58779 -0.15783
vn 0.98079 0.00000 -0.19509
vn 0.79347 0.58779 -0.15783
vn 0.30308 0.95106 -0.06029
vn -0.30308 0.95106 0.06029
vn -0.79347 0.58779 0.15783
vn -0.93278 0.30902 0.18554
vn -0.94648 -0.30902 0.09322
vn -0.80512 -0.58779 0.07930
vn -0.30753 -0.95106 0.03029
vn 0.30753 -0.95106 -0.03029
vn 0.80512 -0.58779 -0.07930
vn 0.99518 0.00000 -0.09802
vn 0.80512 0.58779 -0.07930
vn 0.30753 0.95106 -0.03029
vn -0.30753 0.95106 0.03029
vn -0.80512 0.58779 0.07930
vn -0.94648 0.30902 0.09322
vn -0.95002 -0.30868 0.04667
vn -0.80838 -0.58732 0.03971
vn -0.30898 -0.95095 0.01518
vn 0.30898 -0.95095 -0.01518
vn 0.80838 -0.58732 -0.03971
vn 0.99880 0.00000 -0.04907
vn 0.80838 0.58732 -0.03971
vn 0.30898 0.95095 -0.01518
vn -0.30898 0.95095 0.01518
vn -0.80838 0.58732 0.03971
vn -0.95002 0.30868 0.04667
f 1/1/1 12/12/12 2/2/2
f 12/12/12 13/13/13 2/2/2
f 2/2/2 13/13/13 3/3/3
f 13/13/13 14/14/14 3/3/3
f 3/3/3 14/14/14 4/4/4
f 14/14/14 15/15/15 4/4/4
f 4/4/4 15/15/15 5/5/5
f 15/15/15 16/16/16 5/5/5
f 5/5/5 16/16/16 6/6/6
f 16/16/16 17/17/17 6/6/6
f 6/6/6 17/17/17 7/7/7
f 17/17/17 18/18/18 7/7/7
f 7/7/7 18/18/18 8/8/8
f 18/18/18 19/19/19 8/8/8
f 8/8/8 19/19/19 9/9/9
f 19/19/19 20/20/20 9/9/9
f 9/9/9 20/20/20 10/10/10
f 20/20/20 21/21/21 10/10/10
f 10/10/10 21/21/21 11/11/11
f 21/21/21 22/22/22 11/11/11
f 12/12/12 23/23/23 13/13/13
f 23/23/23 24/24/24 13/13/13
f 13/13/13 24/24/24 14/14/14
f 24/24/24 25/25/25 14/14/14
f 14/14/14 25/25/25 15/15/15
f 25/25/25 26/26/26 15/15/15
f 15/15/15 26/26/26 16/16/16
f 26/26/26 27/27/27 16/16/16
f 16/16/16 27/27/27 17/17/17
f 27/27/27 28/28/28 17/17/17
f 17/17/17 28/28/28 18/18/18
f 28/28/28 29/29/29 18/18/18
f 18/18/18 29/29/29 19/19/19
f 29/29/29 30/30/30 19/19/19
f 19/19/19 30/30/30 20/20/20
f 30/30/30 31/31/31 20/20/20
f 20/20/20 31/31/31 21/21/21
f 31/31/31 32/32/32 21/21/21
f 21/21/21 32/32/32 22/22/22
f 32/32/32 33/33/33 22/22/22
f 23/23/23 34/34/34 24/24/24
f 34/34/34 35/35/35 24/24/24
f 24/24/24 35/35/35 25/25/25
f 35/35/35 36/36/36 25/25/25
f 25/25/25 36/36/36 26/26/26
f 36/36/36 37/37/37 26/26/26
f 26/26/26 37/37/37 27/27/27
f 37/37/37 38/38/38 27/27/27
f 27/27/27 38/38/38 28/28/28
f 38/38/38 39/39/39 28/28/28
f 28/28/28 39/39/39 29/29/29
f 39/39/39 40/40/40 29/29/29
f 29/29/29 40/40/40 30/30/30
f 40/40/40 41/41/41 30/30/30
f 30/30/30 41/41/41 31/31/31
f 41/41/41 42/42/42 31/31/31
f 31/31/31 42/42/42 32/32/32
f 42/42/42 43/43/43 32/32/32
f 32/32/32 43/43/43 33/33/33
f 43/43/43 44/44/44 33/33/33
f 34/34/34 45/45/45 35/35/35
f 45/45/45 46/46/46 35/35/35
f 35/35/35 46/46/46 36/36/36
f 46/46/46 47/47/47 36/36/36
f 36/36/36 47/47/47 37/37/37
f 47/47/47 48/48/48 37/37/37
f 37/37/37 48/48/48 38/38/38
f 48/48/48 49/49/49 38/38/38
f 38/38/38 49/49/49 39/39/39
f 49/49/49 50/50/50 39/39/39
f 39/39/39 50/50/50 40/40/40
f 50/50/50 51/51/51 40/40/40
f 40/40/40 51/51/51 41/41/41
f 51/51/51 52/52/52 41/41/41
f 41/41/41 52/52/52 42/42/42
f 52/52/52 53/53/53 42/42/42
f 42/42/42 53/53/53 43/43/43
f 53/53/53 54/54/54 43/43/43
f 43/43/43 54/54/54 44/44/44
f 54/54/54 55/55/55 44/44/44
f 45/45/45 56/56/56 46/46/46
f 56/56/56 57/57/57 46/46/46
f 46/46/46 57/57/57 47/47/47
f 57/57/57 58/58/58 47/47/47
f 47/47/47 58/58/58 48/48/48
f 58/58/58 59/59/59 48/48/48
f 48/48/48 59/59/59 49/49/49
f 59/59/59 60/60/60 49/49/49
f 49/49/49 60/60/60 50/50/50
f 60/60/60 61/61/61 50/50/50
f 50/50/50 61/61/61 51/51/51
f 61/61/61 62/62/62 51/51/51
f 51/51/51 62/62/62 52/52/52
f 62/62/62 63/63/63 52/52/52
f 52/52/52 63/63/63 53/53/53
f 63/63/63 64/64/64 53/53/53
f 53/53/53 64/64/64 54/54/54
f 64/64/64 65/65/65 54/54/54
f 54/54/54 65/65/65 55/55/55
f 65/65/65 66/66/66 55/55/55
f 56/56/56 67/67/67 57/57/57
f 67/67/67 68/68/68 57/57/57
f 57/57/57 68/68/68 58/58/58
f 68/68/68 69/69/69 58/58/58
f 58/58/58 69/69/69 59/59/59
f 69/69/69 70/70/70 59/59/59
f 59/59/59 70/70/70 60/60/60
f 70/70/70 71/71/71 60/60/60
f 60/60/60 71/71/71 61/61/61
f 71/71/71 72/72/72 61/61/61
f 61/61/61 72/72/72 62/62/62
f 72/72/72 73/73/73 62/62/62
f 62/62/62 73/73/73 63/63/63
f 73/73/73 74/74/74 63/63/63
f 63/63/63 74/74/74 64/64/64
f 74/74/74 75/75/75 64/64/64
f 64/64/64 75/75/75 65/65/65
f 75/75/75 76/76/76 65/65/65
f 65/65/65 76/76/76 66/66/66
f 76/76/76 77/77/77 66/66/66
f 67/67/67 78/78/78 68/68/68
f 78/78/78 79/79/79 68/68/68
f 68/68/68 79/79/79 69/69/69
f 79/79/79 80/80/80 69/69/69
f 69/69/69 80/80/80 70/70/70
f 80/80/80 81/81/81 70/70/70
f 70/70/70 81/81/81 71/71/71
f 81/81/81 82/82/82 71/71/71
f 71/71/71 82/82/82 72/72/72
f 82/82/82 83/83/83 72/72/72
f 72/72/72 83/83/83 73/73/73
f 83/83/83 84/84/84 73/73/73
f 73/73/73 84/84/84 74/74/74
f 84/84/84 85/85/85 74/74/74
f 74/74/74 85/85/85 75/75/75
f 85/85/85 86/86/86 75/75/75
f 75/75/75 86/86/86 76/76/76
f 86/86/86 87/87/87 76/76/76
f 76/76/76 87/87/87 77/77/77
f 87/87/87 88/88/88 77/77/77
f 78/78/78 89/89/89 79/79/79
f 89/89/89 90/90/90 79/79/79
f 79/79/79 90/90/90 80/80/80
f 90/90/90 91/91/91 80/80/80
f 80/80/80 91/91/91 81/81/81
f 91/91/91 92/92/92 81/81/81
f 81/81/81 92/92/92 82/82/82
f 92/92/92 93/93/93 82/82/82
f 82/82/82 93/93/93 83/83/83
f 93/93/93 94/94/94 83/83/83
f 83/83/83 94/94/94 84/84/84
f 94/94/94 95/95/95 84/84/84
f 84/84/84 95/95/95 85/85/85
f 95/95/95 96/96/96 85/85/85
f 85/85/85 96/96/96 86/86/86
f 96/96/96 97/97/97 86/86/86
f 86/86/86 97/97/97 87/87/87
f 97/97/97 98/98/98 87/87/87
f 87/87/87 98/98/98 88/88/88
f 98/98/98 99/99/99 88/88/88
f 89/89/89 100/100/100 90/90/90
f 100/100/100 101/101/101 90/90/90
f 90/90/90 101/101/101 91/91/91
f 101/101/101 102/102/102 91/91/91
f 91/91/91 102/102/102 92/92/92
f 102/102/102 103/103/103 92/92/92
f 92/92/92 103/103/103 93/93/93
f 103/103/103 104/104/104 93/93/93
f 93/93/93 104/104/104 94/94/94
f 104/104/104 105/105/105 94/94/94
f 94/94/94 105/105/105 95/95/95
f 105/105/105 106/106/106 95/95/95
f 95/95/95 106/106/106 96/96/96
f 106/106/106 107/107/107 96/96/96
f 96/96/96 107/107/107 97/97/97
f 107/107/107 108/108/108 97/97/97
f 97/97/97 108/108/108 98/98/98
f 108/108/108 109/109/109 98/98/98
f 98/98/98 109/109/109 99/99/99
f 109/109/109 110/110/110 99/99/99
f 100/100/100 111/111/111 101/101/101
f 111/111/111 112/112/112 101/101/101
f 101/101/101 112/112/112 102/102/102
f 112/112/112 113/113/113 102/102/102
f 102/102/102 113/113/113 103/103/103
f 113/113/113 114/114/114 103/103/103
f 103/103/103 114/114/114 104/104/104
f 114/114/114 115/115/115 104/104/104
f 104/104/104 115/115/115 105/105/105
f 115/115/115 116/116/116 105/105/105
f 105/105/105 116/116/116 106/106/106
f 116/116/116 117/117/117 106/106/106
f 106/106/106 117/117/117 107/107/107
f 117/117/117 118/118/118 107/107/107
f 107/107/107 118/118/118 108/108/108
f 118/118/118 119/119/119 108/108/108
f 108/108/108 119/119/119 109/109/109
f 119/119/119 120/120/120 109/109/109
f 109/109/109 120/120/120 110/110/110
f 120/120/120 121/121/121 110/110/110
f 111/111/111 122/122/122 112/112/112
f 122/122/122 123/123/123 112/112/112
f 112/112/112 123/123/123 113/113/113
f 123/123/123 124/124/124 113/113/113
f 113/113/113 124/124/124 114/114/114
f 124/124/124 125/125/125 114/114/114
f 114/114/114 125/125/125 115/115/115
f 125/125/125 126/126/126 115/115/115
f 115/115/115 126/126/126 116/116/116
f 126/126/126 127/127/127 116/116/116
f 116/116/116 127/127/127 117/117/117
f 127/127/127 128/128/128 117/117/117
f 117/117/117 128/128/128 118/118/118
f 128/128/128 129/129/129 118/118/118
f 118/118/118 129/129/129 119/119/119
f 129/129/129 130/130/130 119/119/119
f 119/119/119 130/130/130 120/120/120
f 130/130/130 131/131/131 120/120/120
f 120/120/120 131/131/131 121/121/121
f 131/131/131 132/132/132 121/121/121
f 122/122/122 133/133/133 123/123/123
f 133/133/133 134/134/134 123/123/123
f 123/123/123 134/134/134 124/124/124
f 134/134/134 135/135/135 124/124/124
f 124/124/124 135/135/135 125/125/125
f 135/135/135 136/136/136 125/125/125
f 125/125/125 136/136/136 126/126/126
f 136/136/136 137/137/137 126/126/126
f 126/126/126 137/137/137 127/127/127
f 137/137/137 138/138/138 127/127/127
f 127/127/127 138/138/138 128/128/128
f 138/138/138 139/139/139 128/128/128
f 128/128/128 139/139/139 129/129/129
f 139/139/139 140/140/140 129/129/129
f 129/129/129 140/140/140 130/130/130
f 140/140/140 141/141/141 130/130/130
f 130/130/130 141/141/141 131/131/131
f 141/141/141 142/142/142 131/131/131
f 131/131/131 142/142/142 132/132/132
f 142/142/142 143/143/143 132/132/132
f 133/133/133 144/144/144 134/134/134
f 144/144/144 145/145/145 134/134/134
f 134/134/134 145/145/145 135/135/135
f 145/145/145 146/146/146 135/135/135
f 135/135/135 146/146/146 136/136/136
f 146/146/146 147/147/147 136/136/136
f 136/136/136 147/147/147 137/137/137
f 147/147/147 148/148/148 137/137/137
f 137/137/137 148/148/148 138/138/138
f 148/148/148 149/149/149 138/138/138
f 138/138/138 149/149/149 139/139/139
f 149/149/149 150/150/150 139/139/139
f 139/139/139 150/150/150 140/140/140
f 150/150/150 151/151/151 140/140/140
f 140/140/140 151/151/151 141/141/141
f 151/151/151 152/152/152 141/141/141
f 141/141/141 152/152/152 142/142/142
f 152/152/152 153/153/153 142/142/142
f 142/142/142 153/153/153 143/143/143
f 153/153/153 154/154/154 143/143/143
f 144/144/144 155/155/155 145/145/145
f 155/155/155 156/156/156 145/145/145
f 145/145/145 156/156/156 146/146/146
f 156/156/156 157/157/157 146/146/146
f 146/146/146 157/157/157 147/147/147
f 157/157/157 158/158/158 147/147/147
f 147/147/147 158/158/158 148/148/148
f 158/158/158 159/159/159 148/148/148
f 148/148/148 159/159/159 149/149/149
f 159/159/159 160/160/160 149/149/149
f 149/149/149 160/160/160 150/150/150
f 160/160/160 161/161/161 150/150/150
f 150/150/150 161/161/161 151/151/151
f 161/161/161 162/162/162 151/151/151
f 151/151/151 162/162/162 152/152/152
f 162/162/162 163/163/163 152/152/152
f 152/152/152 163/163/163 153/153/153
f 163/163/163 164/164/164 153/153/153
f 153/153/153 164/164/164 154/154/154
f 164/164/164 165/165/165 154/154/154
f 155/155/155 166/166/166 156/156/156
f 166/166/166 167/167/167 156/156/156
f 156/156/156 167/167/167 157/157/157
f 167/167/167 168/168/168 157/157/157
f 157/157/157 168/168/168 158/158/158
f 168/168/168 169/169/169 158/158/158
f 158/158/158 169/169/169 159/159/159
f 169/169/169 170/170/170 159/159/159
f 159/159/159 170/170/170 160/160/160
f 170/170/170 171/171/171 160/160/160
f 160/160/160 171/171/171 161/161/161
f 171/171/171 172/172/172 161/161/161
f 161/161/161 172/172/172 162/162/162
f 172/172/172 173/173/173 162/162/162
f 162/162/162 173/173/173 163/163/163
f 173/173/173 174/174/174 163/163/163
f 163/163/163 174/174/174 164/164/164
f 174/174/174 175/175/175 164/164/164
f 164/164/164 175/175/175 165/165/165
f 175/175/175 176/176/176 165/165/165
f 166/166/166 177/177/177 167/167/167
f 177/177/177 178/178/178 167/167/167
f 167/167/167 178/178/178 168/168/168
f 178/178/178 179/179/179 168/168/168
f 168/168/168 179/179/179 169/169/169
f 179/179/179 180/180/180 169/169/169
f 169/169/169 180/180/180 170/170/170
f 180/180/180 181/181/181 170/170/170
f 170/170/170 181/181/181 171/171/171
f 181/181/181 182/182/182 171/171/171
f 171/171/171 182/182/182 172/172/172
f 182/182/182 183/183/183 172/172/172
f 172/172/172 183/183/183 173/173/173
f 183/183/183 184/184/184 173/173/173
f 173/173/173 184/184/184 174/174/174
f 184/184/184 185/185/185 174/174/174
f 174/174/174 185/185/185 175/175/175
f 185/185/185 186/186/186 175/175/175
f 175/175/175 186/186/186 176/176/176
f 186/186/186 187/187/187 176/176/176
f 177/177/177 188/188/188 178/178/178
f 188/188/188 189/189/189 178/178/178
f 178/178/178 189/189/189 179/179/179
f 189/189/189 190/190/190 179/179/179
f 179/179/179 190/190/190 180/180/180
f 190/190/190 191/191/191 180/180/180
f 180/180/180 191/191/191 181/181/181
f 191/191/191 192/192/192 181/181/181
f 181/181/181 192/192/192 182/182/182
f 192/192/192 193/193/193 182/182/182
f 182/182/182 193/193/193 183/183/183
f 193/193/193 194/194/194 183/183/183
f 183/183/183 194/194/194 184/184/184
f 194/194/194 195/195/195 184/184/184
f 184/184/184 195/195/195 185/185/185
f 195/195/195 196/196/196 185/185/185
f 185/185/185 196/196/196 186/186/186
f 196/196/196 197/197/197 186/186/186
f 186/186/186 197/197/197 187/187/187
f 197/197/197 198/198/198 187/187/187
f 188/188/188 199/199/199 189/189/189
f 199/199/199 200/200/200 189/189/189
f 189/189/189 200/200/200 190/190/190
f 200/200/200 201/201/201 190/190/190
f 190/190/190 201/201/201 191/191/191
f 201/201/201 202/202/202 191/191/191
f 191/191/191 202/202/202 192/192/192
f 202/202/202 203/203/203 192/192/192
f 192/192/192 203/203/203 193/193/193
f 203/203/203 204/204/204 193/193/193
f 193/193/193 204/204/204 194/194/194
f 204/204/204 205/205/205 194/194/194
f 194/194/194 205/205/205 195/195/195
f 205/205/205 206/206/206 195/195/195
f 195/195/195 206/206/206 196/196/196
f 206/206/206 207/207/207 196/196/196
f 196/196/196 207/207/207 197/197/197
f 207/207/207 208/208/208 197/197/197
f 197/197/197 208/208/208 198/198/198
f 208/208/208 209/209/209 198/198/198
f 199/199/199 210/210/210 200/200/200
f 210/210/210 211/211/211 200/200/200
f 200/200/200 211/211/211 201/201/201
f 211/211/211 212/212/212 201/201/201
f 201/201/201 212/212/212 202/202/202
f 212/212/212 213/213/213 202/202/202
f 202/202/202 213/213/213 203/203/203
f 213/213/213 214/214/214 203/203/203
f 203/203/203 214/214/214 204/204/204
f 214/214/214 215/215/215 204/204/204
f 204/204/204 215/215/215 205/205/205
f 215/215/215 216/216/216 205/205/205
f 205/205/205 216/216/216 206/206/206
f 216/216/216 217/217/217 206/206/206
f 206/206/206 217/217/217 207/207/207
f 217/217/217 218/218/218 207/207/207
f 207/207/207 218/218/218 208/208/208
f 218/218/218 219/219/219 208/208/208
f 208/208/208 219/219/219 209/209/209
f 219/219/219 220/220/220 209/209/209
f 210/210/210 221/221/221 211/211/211
f 221/221/221 222/222/222 211/211/211
f 211/211/211 222/222/222 212/212/212
f 222/222/222 223/223/223 212/212/212
f 212/212/212 223/223/223 213/213/213
f 223/223/223 224/224/224 213/213/213
f 213/213/213 224/224/224 214/214/214
f 224/224/224 225/225/225 214/214/214
f 214/214/214 225/225/225 215/215/215
f 225/225/225 226/226/226 215/215/215
f 215/215/215 226/226/226 216/216/216
f 226/226/226 227/227/227 216/216/216
f 216/216/216 227/227/227 217/217/217
f 227/227/227 228/228/228 217/217/217
f 217/217/217 228/228/228 218/218/218
f 228/228/228 229/229/229 218/218/218
f 218/218/218 229/229/229 219/219/219
f 229/229/229 230/230/230 219/219/219
f 219/219/219 230/230/230 220/220/220
f 230/230/230 231/231/231 220/220/220
f 221/221/221 232/232/232 222/222/222
f 232/232/232 233/233/233 222/222/222
f 222/222/222 233/233/233 223/223/223
f 233/233/233 234/234/234 223/223/223
f 223/223/223 234/234/234 224/224/224
f 234/234/234 235/235/235 224/224/224
f 224/224/224 235/235/235 225/225/225
f 235/235/235 236/236/236 225/225/225
f 225/225/225 236/236/236 226/226/226
f 236/236/236 237/237/237 226/226/226
f 226/226/226 237/237/237 227/227/227
f 237/237/237 238/238/238 227/227/227
f 227/227/227 238/238/238 228/228/228
f 238/238/238 239/239/239 228/228/228
f 228/228/228 239/239/239 229/229/229
f 239/239/239 240/240/240 229/229/229
f 229/229/229 240/240/240 230/230/230
f 240/240/240 241/241/241 230/230/230
f 230/230/230 241/241/241 231/231/231
f 241/241/241 242/242/242 231/231/231
f 232/232/232 243/243/243 233/233/233
f 243/243/243 244/244/244 233/233/233
f 233/233/233 244/244/244 234/234/234
f 244/244/244 245/245/245 234/234/234
f 234/234/234 245/245/245 235/235/235
f 245/245/245 246/246/246 235/235/235
f 235/235/235 246/246/246 236/236/236
f 246/246/246 247/247/247 236/236/236
f 236/236/236 247/247/247 237/237/237
f 247/247/247 248/248/248 237/237/237
f 237/237/237 248/248/248 238/238/238
f 248/248/248 249/249/249 238/238/238
f 238/238/238 249/249/249 239/239/239
f 249/249/249 250/250/250 239/239/239
f 239/239/239 250/250/250 240/240/240
f 250/250/250 251/251/251 240/240/240
f 240/240/240 251/251/251 241/241/241
f 251/251/251 252/252/252 241/241/241
f 241/241/241 252/252/252 242/242/242
f 252/252/252 253/253/253 242/242/242
f 243/243/243 254/254/254 244/244/244
f 254/254/254 255/255/255 244/244/244
f 244/244/244 255/255/255 245/245/245
f 255/255/255 256/256/256 245/245/245
f 245/245/245 256/256/256 246/246/246
f 256/256/256 257/257/257 246/246/246
f 246/246/246 257/257/257 247/247/247
f 257/257/257 258/258/258 247/247/247
f 247/247/247 258/258/258 248/248/248
f 258/258/258 259/259/259 248/248/248
f 248/248/248 259/259/259 249/249/249
f 259/259/259 260/260/260 249/249/249
f 249/249/249 260/260/260 250/250/250
f 260/260/260 261/261/261 250/250/250
f 250/250/250 261/261/261 251/251/251
f 261/261/261 262/262/262 251/251/251
f 251/251/251 262/262/262 252/252/252
f 262/262/262 263/263/263 252/252/252
f 252/252/252 263/263/263 253/253/253
f 263/263/263 264/264/264 253/253/253
f 254/254/254 265/265/265 255/255/255
f 265/265/265 266/266/266 255/255/255
f 255/255/255 266/266/266 256/256/256
f 266/266/266 267/267/267 256/256/256
f 256/256/256 267/267/267 257/257/257
f 267/267/267 268/268/268 257/257/257
f 257/257/257 268/268/268 258/258/258
f 268/268/268 269/269/269 258/258/258
f 258/258/258 269/269/269 259/259/259
f 269/269/269 270/270/270 259/259/259
f 259/259/259 270/270/270 260/260/260
f 270/270/270 271/271/271 260/260/260
f 260/260/260 271/271/271 261/261/261
f 271/271/271 272/272/272 261/261/261
f 261/261/261 272/272/272 262/262/262
f 272/272/272 273/273/273 262/262/262
f 262/262/262 273/273/273 263/263/263
f 273/273/273 274/274/274 263/263/263
f 263/263/263 274/274/274 264/264/264
f 274/274/274 275/275/275 264/264/264
f 265/265/265 276/276/276 266/266/266
f 276/276/276 277/277/277 266/266/266
f 266/266/266 277/277/277 267/267/267
f 277/277/277 278/278/278 267/267/267
f 267/267/267 278/278/278 268/268/268
f 278/278/278 279/279/279 268/268/268
f 268/268/268 279/279/279 269/269/269
f 279/279/279 280/280/280 269/269/269
f 269/269/269 280/280/280 270/270/270
f 280/280/280 281/281/281 270/270/270
f 270/270/270 281/281/281 271/271/271
f 281/281/281 282/282/282 271/271/271
f 271/271/271 282/282/282 272/272/272
f 282/282/282 283/283/283 272/272/272
f 272/272/272 283/283/283 273/273/273
f 283/283/283 284/284/284 273/273/273
f 273/273/273 284/284/284 274/274/274
f 284/284/284 285/285/285 274/274/274
f 274/274/274 285/285/285 275/275/275
f 285/285/285 286/286/286 275/275/275
f 276/276/276 287/287/287 277/277/277
f 287/287/287 288/288/288 277/277/277
f 277/277/277 288/288/288 278/278/278
f 288/288/288 289/289/289 278/278/278
f 278/278/278 289/289/289 279/279/279
f 289/289/289 290/290/290 279/279/279
f 279/279/279 290/290/290 280/280/280
f 290/290/290 291/291/291 280/280/280
f 280/280/280 291/291/291 281/281/281
f 291/291/291 292/292/292 281/281/281
f 281/281/281 292/292/292 282/282/282
f 292/292/292 293/293/293 282/282/282
f 282/282/282 293/293/293 283/283/283
f 293/293/293 294/294/294 283/283/283
f 283/283/283 294/294/294 284/284/284
f 294/294/294 295/295/295 284/284/284
f 284/284/284 295/295/295 285/285/285
f 295/295/295 296/296/296 285/285/285
f 285/285/285 296/296/296 286/286/286
f 296/296/296 297/297/297 286/286/286
f 287/287/287 298/298/298 288/288/288
f 298/298/298 299/299/299 288/288/288
f 288/288/288 299/299/299 289/289/289
f 299/299/299 300/300/300 289/289/289
f 289/289/289 300/300/300 290/290/290
f 300/300/300 301/301/301 290/290/290
f 290/290/290 301/301/301 291/291/291
f 301/301/301 302/302/302 291/291/291
f 291/291/291 302/302/302 292/292/292
f 302/302/302 303/303/303 292/292/292
f 292/292/292 303/303/303 293/293/293
f 303/303/303 304/304/304 293/293/293
f 293/293/293 304/304/304 294/294/294
f 304/304/304 305/305/305 294/294/294
f 294/294/294 305/305/305 295/295/295
f 305/305/305 306/306/306 295/295/295
f 295/295/295 306/306/306 296/296/296
f 306/306/306 307/307/307 296/296/296
f 296/296/296 307/307/307 297/297/297
f 307/307/307 308/308/308 297/297/297
f 298/298/298 309/309/309 299/299/299
f 309/309/309 310/310/310 299/299/299
f 299/299/299 310/310/310 300/300/300
f 310/310/310 311/311/311 300/300/300
f 300/300/300 311/311/311 301/301/301
f 311/311/311 312/312/312 301/301/301
f 301/301/301 312/312/312 302/302/302
f 312/312/312 313/313/313 302/302/302
f 302/302/302 313/313/313 303/303/303
f 313/313/313 314/314/314 303/303/303
f 303/303/303 314/314/314 304/304/304
f 314/314/314 315/315/315 304/304/304
f 304/304/304 315/315/315 305/305/305
f 315/315/315 316/316/316 305/305/305
f 305/305/305 316/316/316 306/306/306
f 316/316/316 317/317/317 306/306/306
f 306/306/306 317/317/317 307/307/307
f 317/317/317 318/318/318 307/307/307
f 307/307/307 318/318/318 308/308/308
f 318/318/318 319/319/319 308/308/308
f 309/309/309 320/320/320 310/310/310
f 320/320/320 321/321/321 310/310/310
f 310/310/310 321/321/321 311/311/311
f 321/321/321 322/322/322 311/311/311
f 311/311/311 322/322/322 312/312/312
f 322/322/322 323/323/323 312/312/312
f 312/312/312 323/323/323 313/313/313
f 323/323/323 324/324/324 313/313/313
f 313/313/313 324/324/324 314/314/314
f 324/324/324 325/325/325 314/314/314
f 314/314/314 325/325/325 315/315/315
f 325/325/325 326/326/326 315/315/315
f 315/315/315 326/326/326 316/316/316
f 326/326/326 327/327/327 316/316/316
f 316/316/316 327/327/327 317/317/317
f 327/327/327 328/328/328 317/317/317
f 317/317/317 328/328/328 318/318/318
f 328/328/328 329/329/329 318/318/318
f 318/318/318 329/329/329 319/319/319
f 329/329/329 330/330/330 319/319/319
f 320/320/320 331/331/331 321/321/321
f 331/331/331 332/332/332 321/321/321
f 321/321/321 332/332/332 322/322/322
f 332/332/332 333/333/333 322/322/322
f 322/322/322 333/333/333 323/323/323
f 333/333/333 334/334/334 323/323/323
f 323/323/323 334/334/334 324/324/324
f 334/334/334 335/335/335 324/324/324
f 324/324/324 335/335/335 325/325/325
f 335/335/335 336/336/336 325/325/325
f 325/325/325 336/336/336 326/326/326
f 336/336/336 337/337/337 326/326/326
f 326/326/326 337/337/337 327/327/327
f 337/337/337 338/338/338 327/327/327
f 327/327/327 338/338/338 328/328/328
f 338/338/338 339/339/339 328/328/328
f 328/328/328 339/339/339 329/329/329
f 339/339/339 340/340/340 329/329/329
f 329/329/329 340/340/340 330/330/330
f 340/340/340 341/341/341 330/330/330
f 331/331/331 342/342/342 332/332/332
f 342/342/342 343/343/343 332/332/332
f 332/332/332 343/343/343 333/333/333
f 343/343/343 344/344/344 333/333/333
f 333/333/333 344/344/344 334/334/334
f 344/344/344 345/345/345 334/334/334
f 334/334/334 345/345/345 335/335/335
f 345/345/345 346/346/346 335/335/335
f 335/335/335 346/346/346 336/336/336
f 346/346/346 347/347/347 336/336/336
f 336/336/336 347/347/347 337/337/337
f 347/347/347 348/348/348 337/337/337
f 337/337/337 348/348/348 338/338/338
f 348/348/348 349/349/349 338/338/338
f 338/338/338 349/349/349 339/339/339
f 349/349/349 350/350/350 339/339/339
f 339/339/339 350/350/350 340/340/340
f 350/350/350 351/351/351 340/340/340
f 340/340/340 351/351/351 341/341/341
f 351/351/351 352/352/352 341/341/341
f 342/342/342 353/353/353 343/343/343
f 353/353/353 354/354/354 343/343/343
f 343/343/343 354/354/354 344/344/344
f 354/354/354 355/355/355 344/344/344
f 344/344/344 355/355/355 345/345/345
f 355/355/355 356/356/356 345/345/345
f 345/345/345 356/356/356 346/346/346
f 356/356/356 357/357/357 346/346/346
f 346/346/346 357/357/357 347/347/347
f 357/357/357 358/358/358 347/347/347
f 347/347/347 358/358/358 348/348/348
f 358/358/358 359/359/359 348/348/348
f 348/348/348 359/359/359 349/349/349
f 359/359/359 360/360/360 349/349/349
f 349/349/349 360/360/360 350/350/350
f 360/360/360 361/361/361 350/350/350
f 350/350/350 361/361/361 351/351/351
f 361/361/361 362/362/362 351/351/351
f 351/351/351 362/362/362 352/352/352
f 362/362/362 363/363/363 352/352/352
f 353/353/353 364/364/364 354/354/354
f 364/364/364 365/365/365 354/354/354
f 354/354/354 365/365/365 355/355/355
f 365/365/365 366/366/366 355/355/355
f 355/355/355 366/366/366 356/356/356
f 366/366/366 367/367/367 356/356/356
f 356/356/356 367/367/367 357/357/357
f 367/367/367 368/368/368 357/357/357
f 357/357/357 368/368/368 358/358/358
f 368/368/368 369/369/369 358/358/358
f 358/358/358 369/369/369 359/359/359
f 369/369/369 370/370/370 359/359/359
f 359/359/359 370/370/370 360/360/360
f 370/370/370 371/371/371 360/360/360
f 360/360/360 371/371/371 361/361/361
f 371/371/371 372/372/372 361/361/361
f 361/361/361 372/372/372 362/362/362
f 372/372/372 373/373/373 362/362/362
f 362/362/362 373/373/373 363/363/363
f 373/373/373 374/374/374 363/363/363
f 364/364/364 375/375/375 365/365/365
f 375/375/375 376/376/376 365/365/365
f 365/365/365 376/376/376 366/366/366
f 376/376/376 377/377/377 366/366/366
f 366/366/366 377/377/377 367/367/367
f 377/377/377 378/378/378 367/367/367
f 367/367/367 378/378/378 368/368/368
f 378/378/378 379/379/379 368/368/368
f 368/368/368 379/379/379 369/369/369
f 379/379/379 380/380/380 369/369/369
f 369/369/369 380/380/380 370/370/370
f 380/380/380 381/381/381 370/370/370
f 370/370/370 381/381/381 371/371/371
f 381/381/381 382/382/382 371/371/371
f 371/371/371 382/382/382 372/372/372
f 382/382/382 383/383/383 372/372/372
f 372/372/372 383/383/383 373/373/373
f 383/383/383 384/384/384 373/373/373
f 373/373/373 384/384/384 374/374/374
f 384/384/384 385/385/385 374/374/374
f 375/375/375 386/386/386 376/376/376
f 386/386/386 387/387/387 376/376/376
f 376/376/376 387/387/387 377/377/377
f 387/387/387 388/388/388 377/377/377
f 377/377/377 388/388/388 378/378/378
f 388/388/388 389/389/389 378/378/378
f 378/378/378 389/389/389 379/379/379
f 389/389/389 390/390/390 379/379/379
f 379/379/379 390/390/390 380/380/380
f 390/390/390 391/391/391 380/380/380
f 380/380/380 391/391/391 381/381/381
f 391/391/391 392/392/392 381/381/381
f 381/381/381 392/392/392 382/382/382
f 392/392/392 393/393/393 382/382/382
f 382/382/382 393/393/393 383/383/383
f 393/393/393 394/394/394 383/383/383
f 383/383/383 394/394/394 384/384/384
f 394/394/394 395/395/395 384/384/384
f 384/384/384 395/395/395 385/385/385
f 395/395/395 396/396/396 385/385/385
f 386/386/386 397/397/397 387/387/387
f 397/397/397 398/398/398 387/387/387
f 387/387/387 398/398/398 388/388/388
f 398/398/398 399/399/399 388/388/388
f 388/388/388 399/399/399 389/389/389
f 399/399/399 400/400/400 389/389/389
f 389/389/389 400/400/400 390/390/390
f 400/400/400 401/401/401 390/390/390
f 390/390/390 401/401/401 391/391/391
f 401/401/401 402/402/402 391/391/391
f 391/391/391 402/402/402 392/392/392
f 402/402/402 403/403/403 392/392/392
f 392/392/392 403/403/403 393/393/393
f 403/403/403 404/404/404 393/393/393
f 393/393/393 404/404/404 394/394/394
f 404/404/404 405/405/405 394/394/394
f 394/394/394 405/405/405 395/395/395
f 405/405/405 406/406/406 395/395/395
f 395/395/395 406/406/406 396/396/396
f 406/406/406 407/407/407 396/396/396
f 397/397/397 408/408/408 398/398/398
f 408/408/408 409/409/409 398/398/398
f 398/398/398 409/409/409 399/399/399
f 409/409/409 410/410/410 399/399/399
f 399/399/399 410/410/410 400/400/400
f 410/410/410 411/411/411 400/400/400
f 400/400/400 411/411/411 401/401/401
f 411/411/411 412/412/412 401/401/401
f 401/401/401 412/412/412 402/402/402
f 412/412/412 413/413/413 402/402/402
f 402/402/402 413/413/413 403/403/403
f 413/413/413 414/414/414 403/403/403
f 403/403/403 414/414/414 404/404/404
f 414/414/414 415/415/415 404/404/404
f 404/404/404 415/415/415 405/405/405
f 415/415/415 416/416/416 405/405/405
f 405/405/405 416/416/416 406/406/406
f 416/416/416 417/417/417 406/406/406
f 406/406/406 417/417/417 407/407/407
f 417/417/417 418/418/418 407/407/407
f 408/408/408 419/419/419 409/409/409
f 419/419/419 420/420/420 409/409/409
f 409/409/409 420/420/420 410/410/410
f 420/420/420 421/421/421 410/410/410
f 410/410/410 421/421/421 411/411/411
f 421/421/421 422/422/422 411/411/411
f 411/411/411 422/422/422 412/412/412
f 422/422/422 423/423/423 412/412/412
f 412/412/412 423/423/423 413/413/413
f 423/423/423 424/424/424 413/413/413
f 413/413/413 424/424/424 414/414/414
f 424/424/424 425/425/425 414/414/414
f 414/414/414 425/425/425 415/415/415
f 425/425/425 426/426/426 415/415/415
f 415/415/415 426/426/426 416/416/416
f 426/426/426 427/427/427 416/416/416
f 416/416/416 427/427/427 417/417/417
f 427/427/427 428/428/428 417/417/417
f 417/417/417 428/428/428 418/418/418
f 428/428/428 429/429/429 418/418/418
f 419/419/419 430/430/430 420/420/420
f 430/430/430 431/431/431 420/420/420
f 420/420/420 431/431/431 421/421/421
f 431/431/431 432/432/432 421/421/421
f 421/421/421 432/432/432 422/422/422
f 432/432/432 433/433/433 422/422/422
f 422/422/422 433/433/433 423/423/423
f 433/433/433 434/434/434 423/423/423
f 423/423/423 434/434/434 424/424/424
f 434/434/434 435/435/435 424/424/424
f 424/424/424 435/435/435 425/425/425
f 435/435/435 436/436/436 425/425/425
f 425/425/425 436/436/436 426/426/426
f 436/436/436 437/437/437 426/426/426
f 426/426/426 437/437/437 427/427/427
f 437/437/437 438/438/438 427/427/427
f 427/427/427 438/438/438 428/428/428
f 438/438/438 439/439/439 428/428/428
f 428/428/428 439/439/439 429/429/429
f 439/439/439 440/440/440 429/429/429
f 430/430/430 441/441/441 431/431/431
f 441/441/441 442/442/442 431/431/431
f 431/431/431 442/442/442 432/432/432
f 442/442/442 443/443/443 432/432/432
f 432/432/432 443/443/443 433/433/433
f 443/443/443 444/444/444 433/433/433
f 433/433/433 444/444/444 434/434/434
f 444/444/444 445/445/445 434/434/434
f 434/434/434 445/445/445 435/435/435
f 445/445/445 446/446/446 435/435/435
f 435/435/435 446/446/446 436/436/436
f 446/446/446 447/447/447 436/436/436
f 436/436/436 447/447/447 437/437/437
f 447/447/447 448/448/448 437/437/437
f 437/437/437 448/448/448 438/438/438
f 448/448/448 449/449/449 438/438/438
f 438/438/438 449/449/449 439/439/439
f 449/449/449 450/450/450 439/439/439
f 439/439/439 450/450/450 440/440/440
f 450/450/450 451/451/451 440/440/440
f 441/441/441 452/452/452 442/442/442
f 452/452/452 453/453/453 442/442/442
f 442/442/442 453/453/453 443/443/443
f 453/453/453 454/454/454 443/443/443
f 443/443/443 454/454/454 444/444/444
f 454/454/454 455/455/455 444/444/444
f 444/444/444 455/455/455 445/445/445
f 455/455/455 456/456/456 445/445/445
f 445/445/445 456/456/456 446/446/446
f 456/456/456 457/457/457 446/446/446
f 446/446/446 457/457/457 447/447/447
f 457/457/457 458/458/458 447/447/447
f 447/447/447 458/458/458 448/448/448
f 458/458/458 459/459/459 448/448/448
f 448/448/448 459/459/459 449/449/449
f 459/459/459 460/460/460 449/449/449
f 449/449/449 460/460/460 450/450/450
f 460/460/460 461/461/461 450/450/450
f 450/450/450 461/461/461 451/451/451
f 461/461/461 462/462/462 451/451/451
f 452/452/452 463/463/463 453/453/453
f 463/463/463 464/464/464 453/453/453
f 453/453/453 464/464/464 454/454/454
f 464/464/464 465/465/465 454/454/454
f 454/454/454 465/465/465 455/455/455
f 465/465/465 466/466/466 455/455/455
f 455/455/455 466/466/466 456/456/456
f 466/466/466 467/467/467 456/456/456
f 456/456/456 467/467/467 457/457/457
f 467/467/467 468/468/468 457/457/457
f 457/457/457 468/468/468 458/458/458
f 468/468/468 469/469/469 458/458/458
f 458/458/458 469/469/469 459/459/459
f 469/469/469 470/470/470 459/459/459
f 459/459/459 470/470/470 460/460/460
f 470/470/470 471/471/471 460/460/460
f 460/460/460 471/471/471 461/461/461
f 471/471/471 472/472/472 461/461/461
f 461/461/461 472/472/472 462/462/462
f 472/472/472 473/473/473 462/462/462
f 463/463/463 474/474/474 464/464/464
f 474/474/474 475/475/475 464/464/464
f 464/464/464 475/475/475 465/465/465
f 475/475/475 476/476/476 465/465/465
f 465/465/465 476/476/476 466/466/466
f 476/476/476 477/477/477 466/466/466
f 466/466/466 477/477/477 467/467/467
f 477/477/477 478/478/478 467/467/467
f 467/467/467 478/478/478 468/468/468
f 478/478/478 479/479/479 468/468/468
f 468/468/468 479/479/479 469/469/469
f 479/479/479 480/480/480 469/469/469
f 469/469/469 480/480/480 470/470/470
f 480/480/480 481/481/481 470/470/470
f 470/470/470 481/481/481 471/471/471
f 481/481/481 482/482/482 471/471/471
f 471/471/471 482/482/482 472/472/472
f 482/482/482 483/483/483 472/472/472
f 472/472/472 483/483/483 473/473/473
f 483/483/483 484/484/484 473/473/473
f 474/474/474 485/485/485 475/475/475
f 485/485/485 486/486/486 475/475/475
f 475/475/475 486/486/486 476/476/476
f 486/486/486 487/487/487 476/476/476
f 476/476/476 487/487/487 477/477/477
f 487/487/487 488/488/488 477/477/477
f 477/477/477 488/488/488 478/478/478
f 488/488/488 489/489/489 478/478/478
f 478/478/478 489/489/489 479/479/479
f 489/489/489 490/490/490 479/479/479
f 479/479/479 490/490/490 480/480/480
f 490/490/490 491/491/491 480/480/480
f 480/480/480 491/491/491 481/481/481
f 491/491/491 492/492/492 481/481/481
f 481/481/481 492/492/492 482/482/482
f 492/492/492 493/493/493 482/482/482
f 482/482/482 493/493/493 483/483/483
f 493/493/493 494/494/494 483/483/483
f 483/483/483 494/494/494 484/484/484
f 494/494/494 495/495/495 484/484/484
f 485/485/485 496/496/496 486/486/486
f 496/496/496 497/497/497 486/486/486
f 486/486/486 497/497/497 487/487/487
f 497/497/497 498/498/498 487/487/487
f 487/487/487 498/498/498 488/488/488
f 498/498/498 499/499/499 488/488/488
f 488/488/488 499/499/499 489/489/489
f 499/499/499 500/500/500 489/489/489
f 489/489/489 500/500/500 490/490/490
f 500/500/500 501/501/501 490/490/490
f 490/490/490 501/501/501 491/491/491
f 501/501/501 502/502/502 491/491/491
f 491/491/491 502/502/502 492/492/492
f 502/502/502 503/503/503 492/492/492
f 492/492/492 503/503/503 493/493/493
f 503/503/503 504/504/504 493/493/493
f 493/493/493 504/504/504 494/494/494
f 504/504/504 505/505/505 494/494/494
f 494/494/494 505/505/505 495/495/495
f 505/505/505 506/506/506 495/495/495
f 496/496/496 507/507/507 497/497/497
f 507/507/507 508/508/508 497/497/497
f 497/497/497 508/508/508 498/498/498
f 508/508/508 509/509/509 498/498/498
f 498/498/498 509/509/509 499/499/499
f 509/509/509 510/510/510 499/499/499
f 499/499/499 510/510/510 500/500/500
f 510/510/510 511/511/511 500/500/500
f 500/500/500 511/511/511 501/501/501
f 511/511/511 512/512/512 501/501/501
f 501/501/501 512/512/512 502/502/502
f 512/512/512 513/513/513 502/502/502
f 502/502/502 513/513/513 503/503/503
f 513/513/513 514/514/514 503/503/503
f 503/503/503 514/514/514 504/504/504
f 514/514/514 515/515/515 504/504/504
f 504/504/504 515/515/515 505/505/505
f 515/515/515 516/516/516 505/505/505
f 505/505/505 516/516/516 506/506/506
f 516/516/516 517/517/517 506/506/506
f 507/507/507 518/518/518 508/508/508
f 518/518/518 519/519/519 508/508/508
f 508/508/508 519/519/519 509/509/509
f 519/519/519 520/520/520 509/509/509
f 509/509/509 520/520/520 510/510/510
f 520/520/520 521/521/521 510/510/510
f 510/510/510 521/521/521 511/511/511
f 521/521/521 522/522/522 511/511/511
f 511/511/511 522/522/522 512/512/512
f 522/522/522 523/523/523 512/512/512
f 512/512/512 523/523/523 513/513/513
f 523/523/523 524/524/524 513/513/513
f 513/513/513 524/524/524 514/514/514
f 524/524/524 525/525/525 514/514/514
f 514/514/514 525/525/525 515/515/515
f 525/525/525 526/526/526 515/515/515
f 515/515/515 526/526/526 516/516/516
f 526/526/526 527/527/527 516/516/516
f 516/516/516 527/527/527 517/517/517
f 527/527/527 528/528/528 517/517/517
f 518/518/518 529/529/529 519/519/519
f 529/529/529 530/530/530 519/519/519
f 519/519/519 530/530/530 520/520/520
f 530/530/530 531/531/531 520/520/520
f 520/520/520 531/531/531 521/521/521
f 531/531/531 532/532/532 521/521/521
f 521/521/521 532/532/532 522/522/522
f 532/532/532 533/533/533 522/522/522
f 522/522/522 533/533/533 523/523/523
f 533/533/533 534/534/534 523/523/523
f 523/523/523 534/534/534 524/524/524
f 534/534/534 535/535/535 524/524/524
f 524/524/524 535/535/535 525/525/525
f 535/535/535 536/536/536 525/525/525
f 525/525/525 536/536/536 526/526/526
f 536/536/536 537/537/537 526/526/526
f 526/526/526 537/537/537 527/527/527
f 537/537/537 538/538/538 527/527/527
f 527/527/527 538/538/538 528/528/528
f 538/538/538 539/539/539 528/528/528
f 529/529/529 540/540/540 530/530/530
f 540/540/540 541/541/541 530/530/530
f 530/530/530 541/541/541 531/531/531
f 541/541/541 542/542/542 531/531/531
f 531/531/531 542/542/542 532/532/532
f 542/542/542 543/543/543 532/532/532
f 532/532/532 543/543/543 533/533/533
f 543/543/543 544/544/544 533/533/533
f 533/533/533 544/544/544 534/534/534
f 544/544/544 545/545/545 534/534/534
f 534/534/534 545/545/545 535/535/535
f 545/545/545 546/546/546 535/535/535
f 535/535/535 546/546/546 536/536/536
f 546/546/546 547/547/547 536/536/536
f 536/536/536 547/547/547 537/537/537
f 547/547/547 548/548/548 537/537/537
f 537/537/537 548/548/548 538/538/538
f 548/548/548 549/549/549 538/538/538
f 538/538/538 549/549/549 539/539/539
f 549/549/549 550/550/550 539/539/539
f 540/540/540 551/551/551 541/541/541
f 551/551/551 552/552/552 541/541/541
f 541/541/541 552/552/552 542/542/542
f 552/552/552 553/553/553 542/542/542
f 542/542/542 553/553/553 543/543/543
f 553/553/553 554/554/554 543/543/543
f 543/543/543 554/554/554 544/544/544
f 554/554/554 555/555/555 544/544/544
f 544/544/544 555/555/555 545/545/545
f 555/555/555 556/556/556 545/545/545
f 545/545/545 556/556/556 546/546/546
f 556/556/556 557/557/557 546/546/546
f 546/546/546 557/557/557 547/547/547
f 557/557/557 558/558/558 547/547/547
f 547/547/547 558/558/558 548/548/548
f 558/558/558 559/559/559 548/548/548
f 548/548/548 559/559/559 549/549/549
f 559/559/559 560/560/560 549/549/549
f 549/549/549 560/560/560 550/550/550
f 560/560/560 561/561/561 550/550/550
f 551/551/551 562/562/562 552/552/552
f 562/562/562 563/563/563 552/552/552
f 552/552/552 563/563/563 553/553/553
f 563/563/563 564/564/564 553/553/553
f 553/553/553 564/564/564 554/554/554
f 564/564/564 565/565/565 554/554/554
f 554/554/554 565/565/565 555/555/555
f 565/565/565 566/566/566 555/555/555
f 555/555/555 566/566/566 556/556/556
f 566/566/566 567/567/567 556/556/556
f 556/556/556 567/567/567 557/557/557
f 567/567/567 568/568/568 557/557/557
f 557/557/557 568/568/568 558/558/558
f 568/568/568 569/569/569 558/558/558
f 558/558/558 569/569/569 559/559/559
f 569/569/569 570/570/570 559/559/559
f 559/559/559 570/570/570 560/560/560
f 570/570/570 571/571/571 560/560/560
f 560/560/560 571/571/571 561/561/561
f 571/571/571 572/572/572 561/561/561
f 562/562/562 573/573/573 563/563/563
f 573/573/573 574/574/574 563/563/563
f 563/563/563 574/574/574 564/564/564
f 574/574/574 575/575/575 564/564/564
f 564/564/564 575/575/575 565/565/565
f 575/575/575 576/576/576 565/565/565
f 565/565/565 576/576/576 566/566/566
f 576/576/576 577/577/577 566/566/566
f 566/566/566 577/577/577 567/567/567
f 577/577/577 578/578/578 567/567/567
f 567/567/567 578/578/578 568/568/568
f 578/578/578 579/579/579 568/568/568
f 568/568/568 579/579/579 569/569/569
f 579/579/579 580/580/580 569/569/569
f 569/569/569 580/580/580 570/570/570
f 580/580/580 581/581/581 570/570/570
f 570/570/570 581/581/581 571/571/571
f 581/581/581 582/582/582 571/571/571
f 571/571/571 582/582/582 572/572/572
f 582/582/582 583/583/583 572/572/572
f 573/573/573 584/584/584 574/574/574
f 584/584/584 585/585/585 574/574/574
f 574/574/574 585/585/585 575/575/575
f 585/585/585 586/586/586 575/575/575
f 575/575/575 586/586/586 576/576/576
f 586/586/586 587/587/587 576/576/576
f 576/576/576 587/587/587 577/577/577
f 587/587/587 588/588/588 577/577/577
f 577/577/577 588/588/588 578/578/578
f 588/588/588 589/589/589 578/578/578
f 578/578/578 589/589/589 579/579/579
f 589/589/589 590/590/590 579/579/579
f 579/579/579 590/590/590 580/580/580
f 590/590/590 591/591/591 580/580/580
f 580/580/580 591/591/591 581/581/581
f 591/591/591 592/592/592 581/581/581
f 581/581/581 592/592/592 582/582/582
f 592/592/592 593/593/593 582/582/582
f 582/582/582 593/593/593 583/583/583
f 593/593/593 594/594/594 583/583/583
f 584/584/584 595/595/595 585/585/585
f 595/595/595 596/596/596 585/585/585
f 585/585/585 596/596/596 586/586/586
f 596/596/596 597/597/597 586/586/586
f 586/586/586 597/597/597 587/587/587
f 597/597/597 598/598/598 587/587/587
f 587/587/587 598/598/598 588/588/588
f 598/598/598 599/599/599 588/588/588
f 588/588/588 599/599/599 589/589/589
f 599/599/599 600/600/600 589/589/589
f 589/589/589 600/600/600 590/590/590
f 600/600/600 601/601/601 590/590/590
f 590/590/590 601/601/601 591/591/591
f 601/601/601 602/602/602 591/591/591
f 591/591/591 602/602/602 592/592/592
f 602/602/602 603/603/603 592/592/592
f 592/592/592 603/603/603 593/593/593
f 603/603/603 604/604/604 593/593/593
f 593/593/593 604/604/604 594/594/594
f 604/604/604 605/605/605 594/594/594
f 595/595/595 606/606/606 596/596/596
f 606/606/606 607/607/607 596/596/596
f 596/596/596 607/607/607 597/597/597
f 607/607/607 608/608/608 597/597/597
f 597/597/597 608/608/608 598/598/598
f 608/608/608 609/609/609 598/598/598
f 598/598/598 609/609/609 599/599/599
f 609/609/609 610/610/610 599/599/599
f 599/599/599 610/610/610 600/600/600
f 610/610/610 611/611/611 600/600/600
f 600/600/600 611/611/611 601/601/601
f 611/611/611 612/612/612 601/601/601
f 601/601/601 612/612/612 602/602/602
f 612/612/612 613/613/613 602/602/602
f 602/602/602 613/613/613 603/603/603
f 613/613/613 614/614/614 603/603/603
f 603/603/603 614/614/614 604/604/604
f 614/614/614 615/615/615 604/604/604
f 604/604/604 615/615/615 605/605/605
f 615/615/615 616/616/616 605/605/605
f 606/606/606 617/617/617 607/607/607
f 617/617/617 618/618/618 607/607/607
f 607/607/607 618/618/618 608/608/608
f 618/618/618 619/619/619 608/608/608
f 608/608/608 619/619/619 609/609/609
f 619/619/619 620/620/620 609/609/609
f 609/609/609 620/620/620 610/610/610
f 620/620/620 621/621/621 610/610/610
f 610/610/610 621/621/621 611/611/611
f 621/621/621 622/622/622 611/611/611
f 611/611/611 622/622/622 612/612/612
f 622/622/622 623/623/623 612/612/612
f 612/612/612 623/623/623 613/613/613
f 623/623/623 624/624/624 613/613/613
f 613/613/613 624/624/624 614/614/614
f 624/624/624 625/625/625 614/614/614
f 614/614/614 625/625/625 615/615/615
f 625/625/625 626/626/626 615/615/615
f 615/615/615 626/626/626 616/616/616
f 626/626/626 627/627/627 616/616/616
f 617/617/617 628/628/628 618/618/618
f 628/628/628 629/629/629 618/618/618
f 618/618/618 629/629/629 619/619/619
f 629/629/629 630/630/630 619/619/619
f 619/619/619 630/630/630 620/620/620
f 630/630/630 631/631/631 620/620/620
f 620/620/620 631/631/631 621/621/621
f 631/631/631 632/632/632 621/621/621
f 621/621/621 632/632/632 622/622/622
f 632/632/632 633/633/633 622/622/622
f 622/622/622 633/633/633 623/623/623
f 633/633/633 634/634/634 623/623/623
f 623/623/623 634/634/634 624/624/624
f 634/634/634 635/635/635 624/624/624
f 624/624/624 635/635/635 625/625/625
f 635/635/635 636/636/636 625/625/625
f 625/625/625 636/636/636 626/626/626
f 636/636/636 637/637/637 626/626/626
f 626/626/626 637/637/637 627/627/627
f 637/637/637 638/638/638 627/627/627
f 628/628/628 639/639/639 629/629/629
f 639/639/639 640/640/640 629/629/629
f 629/629/629 640/640/640 630/630/630
f 640/640/640 641/641/641 630/630/630
f 630/630/630 641/641/641 631/631/631
f 641/641/641 642/642/642 631/631/631
f 631/631/631 642/642/642 632/632/632
f 642/642/642 643/643/643 632/632/632
f 632/632/632 643/643/643 633/633/633
f 643/643/643 644/644/644 633/633/633
f 633/633/633 644/644/644 634/634/634
f 644/644/644 645/645/645 634/634/634
f 634/634/634 645/645/645 635/635/635
f 645/645/645 646/646/646 635/635/635
f 635/635/635 646/646/646 636/636/636
f 646/646/646 647/647/647 636/636/636
f 636/636/636 647/647/647 637/637/637
f 647/647/647 648/648/648 637/637/637
f 637/637/637 648/648/648 638/638/638
f 648/648/648 649/649/649 638/638/638
f 639/639/639 650/650/650 640/640/640
f 650/650/650 651/651/651 640/640/640
f 640/640/640 651/651/651 641/641/641
f 651/651/651 652/652/652 641/641/641
f 641/641/641 652/652/652 642/642/642
f 652/652/652 653/653/653 642/642/642
f 642/642/642 653/653/653 643/643/643
f 653/653/653 654/654/654 643/643/643
f 643/643/643 654/654/654 644/644/644
f 654/654/654 655/655/655 644/644/644
f 644/644/644 655/655/655 645/645/645
f 655/655/655 656/656/656 645/645/645
f 645/645/645 656/656/656 646/646/646
f 656/656/656 657/657/657 646/646/646
f 646/646/646 657/657/657 647/647/647
f 657/657/657 658/658/658 647/647/647
f 647/647/647 658/658/658 648/648/648
f 658/658/658 659/659/659 648/648/648
f 648/648/648 659/659/659 649/649/649
f 659/659/659 660/660/660 649/649/649
f 650/650/650 661/661/661 651/651/651
f 661/661/661 662/662/662 651/651/651
f 651/651/651 662/662/662 652/652/652
f 662/662/662 663/663/663 652/652/652
f 652/652/652 663/663/663 653/653/653
f 663/663/663 664/664/664 653/653/653
f 653/653/653 664/664/664 654/654/654
f 664/664/664 665/665/665 654/654/654
f 654/654/654 665/665/665 655/655/655
f 665/665/665 666/666/666 655/655/655
f 655/655/655 666/666/666 656/656/656
f 666/666/666 667/667/667 656/656/656
f 656/656/656 667/667/667 657/657/657
f 667/667/667 668/668/668 657/657/657
f 657/657/657 668/668/668 658/658/658
f 668/668/668 669/669/669 658/658/658
f 658/658/658 669/669/669 659/659/659
f 669/669/669 670/670/670 659/659/659
f 659/659/659 670/670/670 660/660/660
f 670/670/670 671/671/671 660/660/660
f 661/661/661 672/672/672 662/662/662
f 672/672/672 673/673/673 662/662/662
f 662/662/662 673/673/673 663/663/663
f 673/673/673 674/674/674 663/663/663
f 663/663/663 674/674/674 664/664/664
f 674/674/674 675/675/675 664/664/664
f 664/664/664 675/675/675 665/665/665
f 675/675/675 676/676/676 665/665/665
f 665/665/665 676/676/676 666/666/666
f 676/676/676 677/677/677 666/666/666
f 666/666/666 677/677/677 667/667/667
f 677/677/677 678/678/678 667/667/667
f 667/667/667 678/678/678 668/668/668
f 678/678/678 679/679/679 668/668/668
f 668/668/668 679/679/679 669/669/669
f 679/679/679 680/680/680 669/669/669
f 669/669/669 680/680/680 670/670/670
f 680/680/680 681/681/681 670/670/670
f 670/670/670 681/681/681 671/671/671
f 681/681/681 682/682/682 671/671/671
f 672/672/672 683/683/683 673/673/673
f 683/683/683 684/684/684 673/673/673
f 673/673/673 684/684/684 674/674/674
f 684/684/684 685/685/685 674/674/674
f 674/674/674 685/685/685 675/675/675
f 685/685/685 686/686/686 675/675/675
f 675/675/675 686/686/686 676/676/676
f 686/686/686 687/687/687 676/676/676
f 676/676/676 687/687/687 677/677/677
f 687/687/687 688/688/688 677/677/677
f 677/677/677 688/688/688 678/678/678
f 688/688/688 689/689/689 678/678/678
f 678/678/678 689/689/689 679/679/679
f 689/689/689 690/690/690 679/679/679
f 679/679/679 690/690/690 680/680/680
f 690/690/690 691/691/691 680/680/680
f 680/680/680 691/691/691 681/681/681
f 691/691/691 692/692/692 681/681/681
f 681/681/681 692/692/692 682/682/682
f 692/692/692 693/693/693 682/682/682
f 683/683/683 694/694/694 684/684/684
f 694/694/694 695/695/695 684/684/684
f 684/684/684 695/695/695 685/685/685
f 695/695/695 696/696/696 685/685/685
f 685/685/685 696/696/696 686/686/686
f 696/696/696 697/697/697 686/686/686
f 686/686/686 697/697/697 687/687/687
f 697/697/697 698/698/698 687/687/687
f 687/687/687 698/698/698 688/688/688
f 698/698/698 699/699/699 688/688/688
f 688/688/688 699/699/699 689/689/689
f 699/699/699 700/700/700 689/689/689
f 689/689/689 700/700/700 690/690/690
f 700/700/700 701/701/701 690/690/690
f 690/690/690 701/701/701 691/691/691
f 701/701/701 702/702/702 691/691/691
f 691/691/691 702/702/702 692/692/692
f 702/702/702 703/703/703 692/692/692
f 692/692/692 703/703/703 693/693/693
f 703/703/703 704/704/704 693/693/693
f 694/694/694 705/705/705 695/695/695
f 705/705/705 706/706/706 695/695/695
f 695/695/695 706/706/706 696/696/696
f 706/706/706 707/707/707 696/696/696
f 696/696/696 707/707/707 697/697/697
f 707/707/707 708/708/708 697/697/697
f 697/697/697 708/708/708 698/698/698
f 708/708/708 709/709/709 698/698/698
f 698/698/698 709/709/709 699/699/699
f 709/709/709 710/710/710 699/699/699
f 699/699/699 710/710/710 700/700/700
f 710/710/710 711/711/711 700/700/700
f 700/700/700 711/711/711 701/701/701
f 711/711/711 712/712/712 701/701/701
f 701/701/701 712/712/712 702/702/702
f 712/712/712 713/713/713 702/702/702
f 702/702/702 713/713/713 703/703/703
f 713/713/713 714/714/714 703/703/703
f 703/703/703 714/714/714 704/704/704
f 714/714/714 715/715/715 704/704/704
